,img_path,classes,sub_classes
776,C:\Users\lebre\Documents\Jupyter Notebook\PyBlood\Data\basophil\BA_673919.jpg,basophil,BA
937,C:\Users\lebre\Documents\Jupyter Notebook\PyBlood\Data\basophil\BA_796878.jpg,basophil,BA
3,C:\Users\lebre\Documents\Jupyter Notebook\PyBlood\Data\basophil\BA_102039.jpg,basophil,BA
442,C:\Users\lebre\Documents\Jupyter Notebook\PyBlood\Data\basophil\BA_430537.jpg,basophil,BA
398,C:\Users\lebre\Documents\Jupyter Notebook\PyBlood\Data\basophil\BA_401005.jpg,basophil,BA
137,C:\Users\lebre\Documents\Jupyter Notebook\PyBlood\Data\basophil\BA_214521.jpg,basophil,BA
197,C:\Users\lebre\Documents\Jupyter Notebook\PyBlood\Data\basophil\BA_260213.jpg,basophil,BA
310,C:\Users\lebre\Documents\Jupyter Notebook\PyBlood\Data\basophil\BA_339232.jpg,basophil,BA
43,C:\Users\lebre\Documents\Jupyter Notebook\PyBlood\Data\basophil\BA_139552.jpg,basophil,BA
1082,C:\Users\lebre\Documents\Jupyter Notebook\PyBlood\Data\basophil\BA_893914.jpg,basophil,BA
417,C:\Users\lebre\Documents\Jupyter Notebook\PyBlood\Data\basophil\BA_412870.jpg,basophil,BA
717,C:\Users\lebre\Documents\Jupyter Notebook\PyBlood\Data\basophil\BA_628597.jpg,basophil,BA
1072,C:\Users\lebre\Documents\Jupyter Notebook\PyBlood\Data\basophil\BA_889100.jpg,basophil,BA
459,C:\Users\lebre\Documents\Jupyter Notebook\PyBlood\Data\basophil\BA_442038.jpg,basophil,BA
171,C:\Users\lebre\Documents\Jupyter Notebook\PyBlood\Data\basophil\BA_241069.jpg,basophil,BA
321,C:\Users\lebre\Documents\Jupyter Notebook\PyBlood\Data\basophil\BA_348770.jpg,basophil,BA
943,C:\Users\lebre\Documents\Jupyter Notebook\PyBlood\Data\basophil\BA_800475.jpg,basophil,BA
76,C:\Users\lebre\Documents\Jupyter Notebook\PyBlood\Data\basophil\BA_166406.jpg,basophil,BA
741,C:\Users\lebre\Documents\Jupyter Notebook\PyBlood\Data\basophil\BA_643553.jpg,basophil,BA
658,C:\Users\lebre\Documents\Jupyter Notebook\PyBlood\Data\basophil\BA_583260.jpg,basophil,BA
382,C:\Users\lebre\Documents\Jupyter Notebook\PyBlood\Data\basophil\BA_393233.jpg,basophil,BA
713,C:\Users\lebre\Documents\Jupyter Notebook\PyBlood\Data\basophil\BA_624477.jpg,basophil,BA
320,C:\Users\lebre\Documents\Jupyter Notebook\PyBlood\Data\basophil\BA_348602.jpg,basophil,BA
376,C:\Users\lebre\Documents\Jupyter Notebook\PyBlood\Data\basophil\BA_38810.jpg,basophil,BA
1009,C:\Users\lebre\Documents\Jupyter Notebook\PyBlood\Data\basophil\BA_842435.jpg,basophil,BA
107,C:\Users\lebre\Documents\Jupyter Notebook\PyBlood\Data\basophil\BA_193488.jpg,basophil,BA
675,C:\Users\lebre\Documents\Jupyter Notebook\PyBlood\Data\basophil\BA_594734.jpg,basophil,BA
753,C:\Users\lebre\Documents\Jupyter Notebook\PyBlood\Data\basophil\BA_65751.jpg,basophil,BA
1050,C:\Users\lebre\Documents\Jupyter Notebook\PyBlood\Data\basophil\BA_875399.jpg,basophil,BA
1136,C:\Users\lebre\Documents\Jupyter Notebook\PyBlood\Data\basophil\BA_936098.jpg,basophil,BA
181,C:\Users\lebre\Documents\Jupyter Notebook\PyBlood\Data\basophil\BA_248930.jpg,basophil,BA
1189,C:\Users\lebre\Documents\Jupyter Notebook\PyBlood\Data\basophil\BA_982393.jpg,basophil,BA
89,C:\Users\lebre\Documents\Jupyter Notebook\PyBlood\Data\basophil\BA_177230.jpg,basophil,BA
451,C:\Users\lebre\Documents\Jupyter Notebook\PyBlood\Data\basophil\BA_436500.jpg,basophil,BA
569,C:\Users\lebre\Documents\Jupyter Notebook\PyBlood\Data\basophil\BA_517315.jpg,basophil,BA
170,C:\Users\lebre\Documents\Jupyter Notebook\PyBlood\Data\basophil\BA_240977.jpg,basophil,BA
391,C:\Users\lebre\Documents\Jupyter Notebook\PyBlood\Data\basophil\BA_397684.jpg,basophil,BA
18,C:\Users\lebre\Documents\Jupyter Notebook\PyBlood\Data\basophil\BA_120278.jpg,basophil,BA
1217,C:\Users\lebre\Documents\Jupyter Notebook\PyBlood\Data\basophil\BA_999747.jpg,basophil,BA
1116,C:\Users\lebre\Documents\Jupyter Notebook\PyBlood\Data\basophil\BA_921895.jpg,basophil,BA
496,C:\Users\lebre\Documents\Jupyter Notebook\PyBlood\Data\basophil\BA_46660.jpg,basophil,BA
980,C:\Users\lebre\Documents\Jupyter Notebook\PyBlood\Data\basophil\BA_82322.jpg,basophil,BA
231,C:\Users\lebre\Documents\Jupyter Notebook\PyBlood\Data\basophil\BA_280715.jpg,basophil,BA
313,C:\Users\lebre\Documents\Jupyter Notebook\PyBlood\Data\basophil\BA_34424.jpg,basophil,BA
534,C:\Users\lebre\Documents\Jupyter Notebook\PyBlood\Data\basophil\BA_492819.jpg,basophil,BA
1085,C:\Users\lebre\Documents\Jupyter Notebook\PyBlood\Data\basophil\BA_895902.jpg,basophil,BA
749,C:\Users\lebre\Documents\Jupyter Notebook\PyBlood\Data\basophil\BA_654891.jpg,basophil,BA
901,C:\Users\lebre\Documents\Jupyter Notebook\PyBlood\Data\basophil\BA_770604.jpg,basophil,BA
1146,C:\Users\lebre\Documents\Jupyter Notebook\PyBlood\Data\basophil\BA_939188.jpg,basophil,BA
685,C:\Users\lebre\Documents\Jupyter Notebook\PyBlood\Data\basophil\BA_603889.jpg,basophil,BA
74,C:\Users\lebre\Documents\Jupyter Notebook\PyBlood\Data\basophil\BA_165215.jpg,basophil,BA
635,C:\Users\lebre\Documents\Jupyter Notebook\PyBlood\Data\basophil\BA_566878.jpg,basophil,BA
280,C:\Users\lebre\Documents\Jupyter Notebook\PyBlood\Data\basophil\BA_320878.jpg,basophil,BA
349,C:\Users\lebre\Documents\Jupyter Notebook\PyBlood\Data\basophil\BA_369405.jpg,basophil,BA
718,C:\Users\lebre\Documents\Jupyter Notebook\PyBlood\Data\basophil\BA_629062.jpg,basophil,BA
307,C:\Users\lebre\Documents\Jupyter Notebook\PyBlood\Data\basophil\BA_338546.jpg,basophil,BA
401,C:\Users\lebre\Documents\Jupyter Notebook\PyBlood\Data\basophil\BA_403405.jpg,basophil,BA
407,C:\Users\lebre\Documents\Jupyter Notebook\PyBlood\Data\basophil\BA_406770.jpg,basophil,BA
146,C:\Users\lebre\Documents\Jupyter Notebook\PyBlood\Data\basophil\BA_221009.jpg,basophil,BA
947,C:\Users\lebre\Documents\Jupyter Notebook\PyBlood\Data\basophil\BA_801858.jpg,basophil,BA
42,C:\Users\lebre\Documents\Jupyter Notebook\PyBlood\Data\basophil\BA_139275.jpg,basophil,BA
411,C:\Users\lebre\Documents\Jupyter Notebook\PyBlood\Data\basophil\BA_410010.jpg,basophil,BA
616,C:\Users\lebre\Documents\Jupyter Notebook\PyBlood\Data\basophil\BA_555744.jpg,basophil,BA
1070,C:\Users\lebre\Documents\Jupyter Notebook\PyBlood\Data\basophil\BA_887335.jpg,basophil,BA
620,C:\Users\lebre\Documents\Jupyter Notebook\PyBlood\Data\basophil\BA_557453.jpg,basophil,BA
88,C:\Users\lebre\Documents\Jupyter Notebook\PyBlood\Data\basophil\BA_17648.jpg,basophil,BA
596,C:\Users\lebre\Documents\Jupyter Notebook\PyBlood\Data\basophil\BA_537209.jpg,basophil,BA
188,C:\Users\lebre\Documents\Jupyter Notebook\PyBlood\Data\basophil\BA_25245.jpg,basophil,BA
564,C:\Users\lebre\Documents\Jupyter Notebook\PyBlood\Data\basophil\BA_514550.jpg,basophil,BA
814,C:\Users\lebre\Documents\Jupyter Notebook\PyBlood\Data\basophil\BA_700139.jpg,basophil,BA
1177,C:\Users\lebre\Documents\Jupyter Notebook\PyBlood\Data\basophil\BA_967197.jpg,basophil,BA
878,C:\Users\lebre\Documents\Jupyter Notebook\PyBlood\Data\basophil\BA_752647.jpg,basophil,BA
395,C:\Users\lebre\Documents\Jupyter Notebook\PyBlood\Data\basophil\BA_399846.jpg,basophil,BA
587,C:\Users\lebre\Documents\Jupyter Notebook\PyBlood\Data\basophil\BA_533618.jpg,basophil,BA
595,C:\Users\lebre\Documents\Jupyter Notebook\PyBlood\Data\basophil\BA_535962.jpg,basophil,BA
644,C:\Users\lebre\Documents\Jupyter Notebook\PyBlood\Data\basophil\BA_576309.jpg,basophil,BA
967,C:\Users\lebre\Documents\Jupyter Notebook\PyBlood\Data\basophil\BA_815872.jpg,basophil,BA
754,C:\Users\lebre\Documents\Jupyter Notebook\PyBlood\Data\basophil\BA_658251.jpg,basophil,BA
657,C:\Users\lebre\Documents\Jupyter Notebook\PyBlood\Data\basophil\BA_583166.jpg,basophil,BA
333,C:\Users\lebre\Documents\Jupyter Notebook\PyBlood\Data\basophil\BA_35991.jpg,basophil,BA
1095,C:\Users\lebre\Documents\Jupyter Notebook\PyBlood\Data\basophil\BA_903017.jpg,basophil,BA
896,C:\Users\lebre\Documents\Jupyter Notebook\PyBlood\Data\basophil\BA_767164.jpg,basophil,BA
111,C:\Users\lebre\Documents\Jupyter Notebook\PyBlood\Data\basophil\BA_197357.jpg,basophil,BA
914,C:\Users\lebre\Documents\Jupyter Notebook\PyBlood\Data\basophil\BA_77980.jpg,basophil,BA
973,C:\Users\lebre\Documents\Jupyter Notebook\PyBlood\Data\basophil\BA_817890.jpg,basophil,BA
268,C:\Users\lebre\Documents\Jupyter Notebook\PyBlood\Data\basophil\BA_310106.jpg,basophil,BA
789,C:\Users\lebre\Documents\Jupyter Notebook\PyBlood\Data\basophil\BA_684441.jpg,basophil,BA
452,C:\Users\lebre\Documents\Jupyter Notebook\PyBlood\Data\basophil\BA_437113.jpg,basophil,BA
755,C:\Users\lebre\Documents\Jupyter Notebook\PyBlood\Data\basophil\BA_658350.jpg,basophil,BA
540,C:\Users\lebre\Documents\Jupyter Notebook\PyBlood\Data\basophil\BA_497822.jpg,basophil,BA
270,C:\Users\lebre\Documents\Jupyter Notebook\PyBlood\Data\basophil\BA_31317.jpg,basophil,BA
50,C:\Users\lebre\Documents\Jupyter Notebook\PyBlood\Data\basophil\BA_144863.jpg,basophil,BA
212,C:\Users\lebre\Documents\Jupyter Notebook\PyBlood\Data\basophil\BA_271501.jpg,basophil,BA
748,C:\Users\lebre\Documents\Jupyter Notebook\PyBlood\Data\basophil\BA_653817.jpg,basophil,BA
1073,C:\Users\lebre\Documents\Jupyter Notebook\PyBlood\Data\basophil\BA_889561.jpg,basophil,BA
1038,C:\Users\lebre\Documents\Jupyter Notebook\PyBlood\Data\basophil\BA_866163.jpg,basophil,BA
124,C:\Users\lebre\Documents\Jupyter Notebook\PyBlood\Data\basophil\BA_2035.jpg,basophil,BA
982,C:\Users\lebre\Documents\Jupyter Notebook\PyBlood\Data\basophil\BA_824897.jpg,basophil,BA
39,C:\Users\lebre\Documents\Jupyter Notebook\PyBlood\Data\basophil\BA_131174.jpg,basophil,BA
681,C:\Users\lebre\Documents\Jupyter Notebook\PyBlood\Data\basophil\BA_601035.jpg,basophil,BA
3476,C:\Users\lebre\Documents\Jupyter Notebook\PyBlood\Data\eosinophil\EO_74517.jpg,eosinophil,EO
1322,C:\Users\lebre\Documents\Jupyter Notebook\PyBlood\Data\eosinophil\EO_133370.jpg,eosinophil,EO
2327,C:\Users\lebre\Documents\Jupyter Notebook\PyBlood\Data\eosinophil\EO_42732.jpg,eosinophil,EO
3786,C:\Users\lebre\Documents\Jupyter Notebook\PyBlood\Data\eosinophil\EO_837323.jpg,eosinophil,EO
3258,C:\Users\lebre\Documents\Jupyter Notebook\PyBlood\Data\eosinophil\EO_686204.jpg,eosinophil,EO
2909,C:\Users\lebre\Documents\Jupyter Notebook\PyBlood\Data\eosinophil\EO_582948.jpg,eosinophil,EO
1958,C:\Users\lebre\Documents\Jupyter Notebook\PyBlood\Data\eosinophil\EO_31926.jpg,eosinophil,EO
2504,C:\Users\lebre\Documents\Jupyter Notebook\PyBlood\Data\eosinophil\EO_478083.jpg,eosinophil,EO
1496,C:\Users\lebre\Documents\Jupyter Notebook\PyBlood\Data\eosinophil\EO_189922.jpg,eosinophil,EO
2839,C:\Users\lebre\Documents\Jupyter Notebook\PyBlood\Data\eosinophil\EO_56116.jpg,eosinophil,EO
3245,C:\Users\lebre\Documents\Jupyter Notebook\PyBlood\Data\eosinophil\EO_682455.jpg,eosinophil,EO
1950,C:\Users\lebre\Documents\Jupyter Notebook\PyBlood\Data\eosinophil\EO_317454.jpg,eosinophil,EO
1736,C:\Users\lebre\Documents\Jupyter Notebook\PyBlood\Data\eosinophil\EO_253370.jpg,eosinophil,EO
3154,C:\Users\lebre\Documents\Jupyter Notebook\PyBlood\Data\eosinophil\EO_655398.jpg,eosinophil,EO
3656,C:\Users\lebre\Documents\Jupyter Notebook\PyBlood\Data\eosinophil\EO_800065.jpg,eosinophil,EO
2612,C:\Users\lebre\Documents\Jupyter Notebook\PyBlood\Data\eosinophil\EO_500122.jpg,eosinophil,EO
4182,C:\Users\lebre\Documents\Jupyter Notebook\PyBlood\Data\eosinophil\EO_956671.jpg,eosinophil,EO
1995,C:\Users\lebre\Documents\Jupyter Notebook\PyBlood\Data\eosinophil\EO_327928.jpg,eosinophil,EO
3534,C:\Users\lebre\Documents\Jupyter Notebook\PyBlood\Data\eosinophil\EO_76411.jpg,eosinophil,EO
3839,C:\Users\lebre\Documents\Jupyter Notebook\PyBlood\Data\eosinophil\EO_851864.jpg,eosinophil,EO
2133,C:\Users\lebre\Documents\Jupyter Notebook\PyBlood\Data\eosinophil\EO_367643.jpg,eosinophil,EO
1628,C:\Users\lebre\Documents\Jupyter Notebook\PyBlood\Data\eosinophil\EO_225902.jpg,eosinophil,EO
2953,C:\Users\lebre\Documents\Jupyter Notebook\PyBlood\Data\eosinophil\EO_598317.jpg,eosinophil,EO
3558,C:\Users\lebre\Documents\Jupyter Notebook\PyBlood\Data\eosinophil\EO_772828.jpg,eosinophil,EO
4207,C:\Users\lebre\Documents\Jupyter Notebook\PyBlood\Data\eosinophil\EO_961222.jpg,eosinophil,EO
1619,C:\Users\lebre\Documents\Jupyter Notebook\PyBlood\Data\eosinophil\EO_224302.jpg,eosinophil,EO
4092,C:\Users\lebre\Documents\Jupyter Notebook\PyBlood\Data\eosinophil\EO_927576.jpg,eosinophil,EO
2567,C:\Users\lebre\Documents\Jupyter Notebook\PyBlood\Data\eosinophil\EO_490021.jpg,eosinophil,EO
3697,C:\Users\lebre\Documents\Jupyter Notebook\PyBlood\Data\eosinophil\EO_812799.jpg,eosinophil,EO
3960,C:\Users\lebre\Documents\Jupyter Notebook\PyBlood\Data\eosinophil\EO_892101.jpg,eosinophil,EO
2016,C:\Users\lebre\Documents\Jupyter Notebook\PyBlood\Data\eosinophil\EO_333532.jpg,eosinophil,EO
1814,C:\Users\lebre\Documents\Jupyter Notebook\PyBlood\Data\eosinophil\EO_275189.jpg,eosinophil,EO
1301,C:\Users\lebre\Documents\Jupyter Notebook\PyBlood\Data\eosinophil\EO_124886.jpg,eosinophil,EO
2576,C:\Users\lebre\Documents\Jupyter Notebook\PyBlood\Data\eosinophil\EO_491368.jpg,eosinophil,EO
3066,C:\Users\lebre\Documents\Jupyter Notebook\PyBlood\Data\eosinophil\EO_630551.jpg,eosinophil,EO
4107,C:\Users\lebre\Documents\Jupyter Notebook\PyBlood\Data\eosinophil\EO_93417.jpg,eosinophil,EO
3204,C:\Users\lebre\Documents\Jupyter Notebook\PyBlood\Data\eosinophil\EO_669531.jpg,eosinophil,EO
4269,C:\Users\lebre\Documents\Jupyter Notebook\PyBlood\Data\eosinophil\EO_981530.jpg,eosinophil,EO
3323,C:\Users\lebre\Documents\Jupyter Notebook\PyBlood\Data\eosinophil\EO_703501.jpg,eosinophil,EO
2195,C:\Users\lebre\Documents\Jupyter Notebook\PyBlood\Data\eosinophil\EO_384169.jpg,eosinophil,EO
2229,C:\Users\lebre\Documents\Jupyter Notebook\PyBlood\Data\eosinophil\EO_396711.jpg,eosinophil,EO
2342,C:\Users\lebre\Documents\Jupyter Notebook\PyBlood\Data\eosinophil\EO_432100.jpg,eosinophil,EO
2088,C:\Users\lebre\Documents\Jupyter Notebook\PyBlood\Data\eosinophil\EO_356010.jpg,eosinophil,EO
3350,C:\Users\lebre\Documents\Jupyter Notebook\PyBlood\Data\eosinophil\EO_71201.jpg,eosinophil,EO
3878,C:\Users\lebre\Documents\Jupyter Notebook\PyBlood\Data\eosinophil\EO_861772.jpg,eosinophil,EO
1833,C:\Users\lebre\Documents\Jupyter Notebook\PyBlood\Data\eosinophil\EO_278802.jpg,eosinophil,EO
3973,C:\Users\lebre\Documents\Jupyter Notebook\PyBlood\Data\eosinophil\EO_897112.jpg,eosinophil,EO
1759,C:\Users\lebre\Documents\Jupyter Notebook\PyBlood\Data\eosinophil\EO_261009.jpg,eosinophil,EO
1999,C:\Users\lebre\Documents\Jupyter Notebook\PyBlood\Data\eosinophil\EO_329444.jpg,eosinophil,EO
4064,C:\Users\lebre\Documents\Jupyter Notebook\PyBlood\Data\eosinophil\EO_921948.jpg,eosinophil,EO
4223,C:\Users\lebre\Documents\Jupyter Notebook\PyBlood\Data\eosinophil\EO_966797.jpg,eosinophil,EO
3487,C:\Users\lebre\Documents\Jupyter Notebook\PyBlood\Data\eosinophil\EO_748175.jpg,eosinophil,EO
2168,C:\Users\lebre\Documents\Jupyter Notebook\PyBlood\Data\eosinophil\EO_377573.jpg,eosinophil,EO
4277,C:\Users\lebre\Documents\Jupyter Notebook\PyBlood\Data\eosinophil\EO_984542.jpg,eosinophil,EO
1854,C:\Users\lebre\Documents\Jupyter Notebook\PyBlood\Data\eosinophil\EO_285640.jpg,eosinophil,EO
3562,C:\Users\lebre\Documents\Jupyter Notebook\PyBlood\Data\eosinophil\EO_77374.jpg,eosinophil,EO
4058,C:\Users\lebre\Documents\Jupyter Notebook\PyBlood\Data\eosinophil\EO_919706.jpg,eosinophil,EO
4252,C:\Users\lebre\Documents\Jupyter Notebook\PyBlood\Data\eosinophil\EO_975861.jpg,eosinophil,EO
3448,C:\Users\lebre\Documents\Jupyter Notebook\PyBlood\Data\eosinophil\EO_73849.jpg,eosinophil,EO
3640,C:\Users\lebre\Documents\Jupyter Notebook\PyBlood\Data\eosinophil\EO_795445.jpg,eosinophil,EO
1514,C:\Users\lebre\Documents\Jupyter Notebook\PyBlood\Data\eosinophil\EO_195225.jpg,eosinophil,EO
3539,C:\Users\lebre\Documents\Jupyter Notebook\PyBlood\Data\eosinophil\EO_766398.jpg,eosinophil,EO
3107,C:\Users\lebre\Documents\Jupyter Notebook\PyBlood\Data\eosinophil\EO_642785.jpg,eosinophil,EO
2641,C:\Users\lebre\Documents\Jupyter Notebook\PyBlood\Data\eosinophil\EO_508120.jpg,eosinophil,EO
1817,C:\Users\lebre\Documents\Jupyter Notebook\PyBlood\Data\eosinophil\EO_276119.jpg,eosinophil,EO
3713,C:\Users\lebre\Documents\Jupyter Notebook\PyBlood\Data\eosinophil\EO_81524.jpg,eosinophil,EO
3719,C:\Users\lebre\Documents\Jupyter Notebook\PyBlood\Data\eosinophil\EO_817876.jpg,eosinophil,EO
3355,C:\Users\lebre\Documents\Jupyter Notebook\PyBlood\Data\eosinophil\EO_713402.jpg,eosinophil,EO
1726,C:\Users\lebre\Documents\Jupyter Notebook\PyBlood\Data\eosinophil\EO_250701.jpg,eosinophil,EO
4083,C:\Users\lebre\Documents\Jupyter Notebook\PyBlood\Data\eosinophil\EO_926006.jpg,eosinophil,EO
3403,C:\Users\lebre\Documents\Jupyter Notebook\PyBlood\Data\eosinophil\EO_727395.jpg,eosinophil,EO
2478,C:\Users\lebre\Documents\Jupyter Notebook\PyBlood\Data\eosinophil\EO_470500.jpg,eosinophil,EO
1378,C:\Users\lebre\Documents\Jupyter Notebook\PyBlood\Data\eosinophil\EO_154678.jpg,eosinophil,EO
3897,C:\Users\lebre\Documents\Jupyter Notebook\PyBlood\Data\eosinophil\EO_866062.jpg,eosinophil,EO
3370,C:\Users\lebre\Documents\Jupyter Notebook\PyBlood\Data\eosinophil\EO_720242.jpg,eosinophil,EO
2322,C:\Users\lebre\Documents\Jupyter Notebook\PyBlood\Data\eosinophil\EO_425659.jpg,eosinophil,EO
3928,C:\Users\lebre\Documents\Jupyter Notebook\PyBlood\Data\eosinophil\EO_877083.jpg,eosinophil,EO
2424,C:\Users\lebre\Documents\Jupyter Notebook\PyBlood\Data\eosinophil\EO_455444.jpg,eosinophil,EO
3296,C:\Users\lebre\Documents\Jupyter Notebook\PyBlood\Data\eosinophil\EO_697135.jpg,eosinophil,EO
1237,C:\Users\lebre\Documents\Jupyter Notebook\PyBlood\Data\eosinophil\EO_106296.jpg,eosinophil,EO
3210,C:\Users\lebre\Documents\Jupyter Notebook\PyBlood\Data\eosinophil\EO_67081.jpg,eosinophil,EO
3021,C:\Users\lebre\Documents\Jupyter Notebook\PyBlood\Data\eosinophil\EO_61615.jpg,eosinophil,EO
2023,C:\Users\lebre\Documents\Jupyter Notebook\PyBlood\Data\eosinophil\EO_336192.jpg,eosinophil,EO
3286,C:\Users\lebre\Documents\Jupyter Notebook\PyBlood\Data\eosinophil\EO_694065.jpg,eosinophil,EO
2820,C:\Users\lebre\Documents\Jupyter Notebook\PyBlood\Data\eosinophil\EO_554939.jpg,eosinophil,EO
2711,C:\Users\lebre\Documents\Jupyter Notebook\PyBlood\Data\eosinophil\EO_527485.jpg,eosinophil,EO
3083,C:\Users\lebre\Documents\Jupyter Notebook\PyBlood\Data\eosinophil\EO_634809.jpg,eosinophil,EO
3430,C:\Users\lebre\Documents\Jupyter Notebook\PyBlood\Data\eosinophil\EO_734836.jpg,eosinophil,EO
2526,C:\Users\lebre\Documents\Jupyter Notebook\PyBlood\Data\eosinophil\EO_483350.jpg,eosinophil,EO
3364,C:\Users\lebre\Documents\Jupyter Notebook\PyBlood\Data\eosinophil\EO_716024.jpg,eosinophil,EO
3531,C:\Users\lebre\Documents\Jupyter Notebook\PyBlood\Data\eosinophil\EO_762845.jpg,eosinophil,EO
2843,C:\Users\lebre\Documents\Jupyter Notebook\PyBlood\Data\eosinophil\EO_563139.jpg,eosinophil,EO
3259,C:\Users\lebre\Documents\Jupyter Notebook\PyBlood\Data\eosinophil\EO_686463.jpg,eosinophil,EO
1352,C:\Users\lebre\Documents\Jupyter Notebook\PyBlood\Data\eosinophil\EO_145815.jpg,eosinophil,EO
1395,C:\Users\lebre\Documents\Jupyter Notebook\PyBlood\Data\eosinophil\EO_15818.jpg,eosinophil,EO
2463,C:\Users\lebre\Documents\Jupyter Notebook\PyBlood\Data\eosinophil\EO_464387.jpg,eosinophil,EO
3176,C:\Users\lebre\Documents\Jupyter Notebook\PyBlood\Data\eosinophil\EO_663258.jpg,eosinophil,EO
3475,C:\Users\lebre\Documents\Jupyter Notebook\PyBlood\Data\eosinophil\EO_744301.jpg,eosinophil,EO
4041,C:\Users\lebre\Documents\Jupyter Notebook\PyBlood\Data\eosinophil\EO_912966.jpg,eosinophil,EO
2451,C:\Users\lebre\Documents\Jupyter Notebook\PyBlood\Data\eosinophil\EO_460941.jpg,eosinophil,EO
5095,C:\Users\lebre\Documents\Jupyter Notebook\PyBlood\Data\erythroblast\ERB_54236.jpg,erythroblast,ERB
4355,C:\Users\lebre\Documents\Jupyter Notebook\PyBlood\Data\erythroblast\ERB_112757.jpg,erythroblast,ERB
4357,C:\Users\lebre\Documents\Jupyter Notebook\PyBlood\Data\erythroblast\ERB_113770.jpg,erythroblast,ERB
5175,C:\Users\lebre\Documents\Jupyter Notebook\PyBlood\Data\erythroblast\ERB_59475.jpg,erythroblast,ERB
5119,C:\Users\lebre\Documents\Jupyter Notebook\PyBlood\Data\erythroblast\ERB_557693.jpg,erythroblast,ERB
5129,C:\Users\lebre\Documents\Jupyter Notebook\PyBlood\Data\erythroblast\ERB_56230.jpg,erythroblast,ERB
5016,C:\Users\lebre\Documents\Jupyter Notebook\PyBlood\Data\erythroblast\ERB_499302.jpg,erythroblast,ERB
5099,C:\Users\lebre\Documents\Jupyter Notebook\PyBlood\Data\erythroblast\ERB_545731.jpg,erythroblast,ERB
5266,C:\Users\lebre\Documents\Jupyter Notebook\PyBlood\Data\erythroblast\ERB_651906.jpg,erythroblast,ERB
5327,C:\Users\lebre\Documents\Jupyter Notebook\PyBlood\Data\erythroblast\ERB_681068.jpg,erythroblast,ERB
4614,C:\Users\lebre\Documents\Jupyter Notebook\PyBlood\Data\erythroblast\ERB_257713.jpg,erythroblast,ERB
5156,C:\Users\lebre\Documents\Jupyter Notebook\PyBlood\Data\erythroblast\ERB_58346.jpg,erythroblast,ERB
5300,C:\Users\lebre\Documents\Jupyter Notebook\PyBlood\Data\erythroblast\ERB_667069.jpg,erythroblast,ERB
5868,C:\Users\lebre\Documents\Jupyter Notebook\PyBlood\Data\erythroblast\ERB_988425.jpg,erythroblast,ERB
5084,C:\Users\lebre\Documents\Jupyter Notebook\PyBlood\Data\erythroblast\ERB_536995.jpg,erythroblast,ERB
5063,C:\Users\lebre\Documents\Jupyter Notebook\PyBlood\Data\erythroblast\ERB_527364.jpg,erythroblast,ERB
5461,C:\Users\lebre\Documents\Jupyter Notebook\PyBlood\Data\erythroblast\ERB_761027.jpg,erythroblast,ERB
4423,C:\Users\lebre\Documents\Jupyter Notebook\PyBlood\Data\erythroblast\ERB_148707.jpg,erythroblast,ERB
4489,C:\Users\lebre\Documents\Jupyter Notebook\PyBlood\Data\erythroblast\ERB_188099.jpg,erythroblast,ERB
4552,C:\Users\lebre\Documents\Jupyter Notebook\PyBlood\Data\erythroblast\ERB_222683.jpg,erythroblast,ERB
5259,C:\Users\lebre\Documents\Jupyter Notebook\PyBlood\Data\erythroblast\ERB_649404.jpg,erythroblast,ERB
5173,C:\Users\lebre\Documents\Jupyter Notebook\PyBlood\Data\erythroblast\ERB_593089.jpg,erythroblast,ERB
5308,C:\Users\lebre\Documents\Jupyter Notebook\PyBlood\Data\erythroblast\ERB_673280.jpg,erythroblast,ERB
4880,C:\Users\lebre\Documents\Jupyter Notebook\PyBlood\Data\erythroblast\ERB_422338.jpg,erythroblast,ERB
5643,C:\Users\lebre\Documents\Jupyter Notebook\PyBlood\Data\erythroblast\ERB_865232.jpg,erythroblast,ERB
4684,C:\Users\lebre\Documents\Jupyter Notebook\PyBlood\Data\erythroblast\ERB_297101.jpg,erythroblast,ERB
4923,C:\Users\lebre\Documents\Jupyter Notebook\PyBlood\Data\erythroblast\ERB_436924.jpg,erythroblast,ERB
5285,C:\Users\lebre\Documents\Jupyter Notebook\PyBlood\Data\erythroblast\ERB_660935.jpg,erythroblast,ERB
4610,C:\Users\lebre\Documents\Jupyter Notebook\PyBlood\Data\erythroblast\ERB_256257.jpg,erythroblast,ERB
5874,C:\Users\lebre\Documents\Jupyter Notebook\PyBlood\Data\erythroblast\ERB_993246.jpg,erythroblast,ERB
5516,C:\Users\lebre\Documents\Jupyter Notebook\PyBlood\Data\erythroblast\ERB_787255.jpg,erythroblast,ERB
5269,C:\Users\lebre\Documents\Jupyter Notebook\PyBlood\Data\erythroblast\ERB_652720.jpg,erythroblast,ERB
4843,C:\Users\lebre\Documents\Jupyter Notebook\PyBlood\Data\erythroblast\ERB_396562.jpg,erythroblast,ERB
4926,C:\Users\lebre\Documents\Jupyter Notebook\PyBlood\Data\erythroblast\ERB_438112.jpg,erythroblast,ERB
5334,C:\Users\lebre\Documents\Jupyter Notebook\PyBlood\Data\erythroblast\ERB_684909.jpg,erythroblast,ERB
4970,C:\Users\lebre\Documents\Jupyter Notebook\PyBlood\Data\erythroblast\ERB_471329.jpg,erythroblast,ERB
4850,C:\Users\lebre\Documents\Jupyter Notebook\PyBlood\Data\erythroblast\ERB_402367.jpg,erythroblast,ERB
4944,C:\Users\lebre\Documents\Jupyter Notebook\PyBlood\Data\erythroblast\ERB_452211.jpg,erythroblast,ERB
5343,C:\Users\lebre\Documents\Jupyter Notebook\PyBlood\Data\erythroblast\ERB_689453.jpg,erythroblast,ERB
4819,C:\Users\lebre\Documents\Jupyter Notebook\PyBlood\Data\erythroblast\ERB_380642.jpg,erythroblast,ERB
4387,C:\Users\lebre\Documents\Jupyter Notebook\PyBlood\Data\erythroblast\ERB_130990.jpg,erythroblast,ERB
5690,C:\Users\lebre\Documents\Jupyter Notebook\PyBlood\Data\erythroblast\ERB_890393.jpg,erythroblast,ERB
4875,C:\Users\lebre\Documents\Jupyter Notebook\PyBlood\Data\erythroblast\ERB_419487.jpg,erythroblast,ERB
5140,C:\Users\lebre\Documents\Jupyter Notebook\PyBlood\Data\erythroblast\ERB_568099.jpg,erythroblast,ERB
5463,C:\Users\lebre\Documents\Jupyter Notebook\PyBlood\Data\erythroblast\ERB_761517.jpg,erythroblast,ERB
5685,C:\Users\lebre\Documents\Jupyter Notebook\PyBlood\Data\erythroblast\ERB_887345.jpg,erythroblast,ERB
5673,C:\Users\lebre\Documents\Jupyter Notebook\PyBlood\Data\erythroblast\ERB_881335.jpg,erythroblast,ERB
5451,C:\Users\lebre\Documents\Jupyter Notebook\PyBlood\Data\erythroblast\ERB_75252.jpg,erythroblast,ERB
5679,C:\Users\lebre\Documents\Jupyter Notebook\PyBlood\Data\erythroblast\ERB_883493.jpg,erythroblast,ERB
5619,C:\Users\lebre\Documents\Jupyter Notebook\PyBlood\Data\erythroblast\ERB_852129.jpg,erythroblast,ERB
5618,C:\Users\lebre\Documents\Jupyter Notebook\PyBlood\Data\erythroblast\ERB_851280.jpg,erythroblast,ERB
4408,C:\Users\lebre\Documents\Jupyter Notebook\PyBlood\Data\erythroblast\ERB_141835.jpg,erythroblast,ERB
4585,C:\Users\lebre\Documents\Jupyter Notebook\PyBlood\Data\erythroblast\ERB_2429.jpg,erythroblast,ERB
5276,C:\Users\lebre\Documents\Jupyter Notebook\PyBlood\Data\erythroblast\ERB_656180.jpg,erythroblast,ERB
5664,C:\Users\lebre\Documents\Jupyter Notebook\PyBlood\Data\erythroblast\ERB_87787.jpg,erythroblast,ERB
5464,C:\Users\lebre\Documents\Jupyter Notebook\PyBlood\Data\erythroblast\ERB_761895.jpg,erythroblast,ERB
4890,C:\Users\lebre\Documents\Jupyter Notebook\PyBlood\Data\erythroblast\ERB_425204.jpg,erythroblast,ERB
4861,C:\Users\lebre\Documents\Jupyter Notebook\PyBlood\Data\erythroblast\ERB_406954.jpg,erythroblast,ERB
5250,C:\Users\lebre\Documents\Jupyter Notebook\PyBlood\Data\erythroblast\ERB_643312.jpg,erythroblast,ERB
4628,C:\Users\lebre\Documents\Jupyter Notebook\PyBlood\Data\erythroblast\ERB_267181.jpg,erythroblast,ERB
4784,C:\Users\lebre\Documents\Jupyter Notebook\PyBlood\Data\erythroblast\ERB_358975.jpg,erythroblast,ERB
5755,C:\Users\lebre\Documents\Jupyter Notebook\PyBlood\Data\erythroblast\ERB_926430.jpg,erythroblast,ERB
5678,C:\Users\lebre\Documents\Jupyter Notebook\PyBlood\Data\erythroblast\ERB_88320.jpg,erythroblast,ERB
4831,C:\Users\lebre\Documents\Jupyter Notebook\PyBlood\Data\erythroblast\ERB_386156.jpg,erythroblast,ERB
5815,C:\Users\lebre\Documents\Jupyter Notebook\PyBlood\Data\erythroblast\ERB_95333.jpg,erythroblast,ERB
4648,C:\Users\lebre\Documents\Jupyter Notebook\PyBlood\Data\erythroblast\ERB_277785.jpg,erythroblast,ERB
4343,C:\Users\lebre\Documents\Jupyter Notebook\PyBlood\Data\erythroblast\ERB_104326.jpg,erythroblast,ERB
5789,C:\Users\lebre\Documents\Jupyter Notebook\PyBlood\Data\erythroblast\ERB_942308.jpg,erythroblast,ERB
5739,C:\Users\lebre\Documents\Jupyter Notebook\PyBlood\Data\erythroblast\ERB_915125.jpg,erythroblast,ERB
5321,C:\Users\lebre\Documents\Jupyter Notebook\PyBlood\Data\erythroblast\ERB_678401.jpg,erythroblast,ERB
5559,C:\Users\lebre\Documents\Jupyter Notebook\PyBlood\Data\erythroblast\ERB_816486.jpg,erythroblast,ERB
5401,C:\Users\lebre\Documents\Jupyter Notebook\PyBlood\Data\erythroblast\ERB_719926.jpg,erythroblast,ERB
4627,C:\Users\lebre\Documents\Jupyter Notebook\PyBlood\Data\erythroblast\ERB_264808.jpg,erythroblast,ERB
4438,C:\Users\lebre\Documents\Jupyter Notebook\PyBlood\Data\erythroblast\ERB_158786.jpg,erythroblast,ERB
5056,C:\Users\lebre\Documents\Jupyter Notebook\PyBlood\Data\erythroblast\ERB_522391.jpg,erythroblast,ERB
4751,C:\Users\lebre\Documents\Jupyter Notebook\PyBlood\Data\erythroblast\ERB_340281.jpg,erythroblast,ERB
4673,C:\Users\lebre\Documents\Jupyter Notebook\PyBlood\Data\erythroblast\ERB_290544.jpg,erythroblast,ERB
4445,C:\Users\lebre\Documents\Jupyter Notebook\PyBlood\Data\erythroblast\ERB_163499.jpg,erythroblast,ERB
5697,C:\Users\lebre\Documents\Jupyter Notebook\PyBlood\Data\erythroblast\ERB_893069.jpg,erythroblast,ERB
4891,C:\Users\lebre\Documents\Jupyter Notebook\PyBlood\Data\erythroblast\ERB_425825.jpg,erythroblast,ERB
4471,C:\Users\lebre\Documents\Jupyter Notebook\PyBlood\Data\erythroblast\ERB_180105.jpg,erythroblast,ERB
5558,C:\Users\lebre\Documents\Jupyter Notebook\PyBlood\Data\erythroblast\ERB_816082.jpg,erythroblast,ERB
4802,C:\Users\lebre\Documents\Jupyter Notebook\PyBlood\Data\erythroblast\ERB_371029.jpg,erythroblast,ERB
5858,C:\Users\lebre\Documents\Jupyter Notebook\PyBlood\Data\erythroblast\ERB_981422.jpg,erythroblast,ERB
4454,C:\Users\lebre\Documents\Jupyter Notebook\PyBlood\Data\erythroblast\ERB_168536.jpg,erythroblast,ERB
4935,C:\Users\lebre\Documents\Jupyter Notebook\PyBlood\Data\erythroblast\ERB_444576.jpg,erythroblast,ERB
4691,C:\Users\lebre\Documents\Jupyter Notebook\PyBlood\Data\erythroblast\ERB_302099.jpg,erythroblast,ERB
5756,C:\Users\lebre\Documents\Jupyter Notebook\PyBlood\Data\erythroblast\ERB_927306.jpg,erythroblast,ERB
5219,C:\Users\lebre\Documents\Jupyter Notebook\PyBlood\Data\erythroblast\ERB_622399.jpg,erythroblast,ERB
5514,C:\Users\lebre\Documents\Jupyter Notebook\PyBlood\Data\erythroblast\ERB_786710.jpg,erythroblast,ERB
4877,C:\Users\lebre\Documents\Jupyter Notebook\PyBlood\Data\erythroblast\ERB_421401.jpg,erythroblast,ERB
4456,C:\Users\lebre\Documents\Jupyter Notebook\PyBlood\Data\erythroblast\ERB_169544.jpg,erythroblast,ERB
4775,C:\Users\lebre\Documents\Jupyter Notebook\PyBlood\Data\erythroblast\ERB_352955.jpg,erythroblast,ERB
4491,C:\Users\lebre\Documents\Jupyter Notebook\PyBlood\Data\erythroblast\ERB_189103.jpg,erythroblast,ERB
4942,C:\Users\lebre\Documents\Jupyter Notebook\PyBlood\Data\erythroblast\ERB_449392.jpg,erythroblast,ERB
4342,C:\Users\lebre\Documents\Jupyter Notebook\PyBlood\Data\erythroblast\ERB_103778.jpg,erythroblast,ERB
4689,C:\Users\lebre\Documents\Jupyter Notebook\PyBlood\Data\erythroblast\ERB_300293.jpg,erythroblast,ERB
5045,C:\Users\lebre\Documents\Jupyter Notebook\PyBlood\Data\erythroblast\ERB_513969.jpg,erythroblast,ERB
4335,C:\Users\lebre\Documents\Jupyter Notebook\PyBlood\Data\erythroblast\ERB_101031.jpg,erythroblast,ERB
4517,C:\Users\lebre\Documents\Jupyter Notebook\PyBlood\Data\erythroblast\ERB_206195.jpg,erythroblast,ERB
8262,C:\Users\lebre\Documents\Jupyter Notebook\PyBlood\Data\ig\PMY_465350.jpg,ig,PMY
7021,C:\Users\lebre\Documents\Jupyter Notebook\PyBlood\Data\ig\MY_198785.jpg,ig,MY
7779,C:\Users\lebre\Documents\Jupyter Notebook\PyBlood\Data\ig\MY_815428.jpg,ig,MY
6782,C:\Users\lebre\Documents\Jupyter Notebook\PyBlood\Data\ig\MMY_88826.jpg,ig,MMY
8120,C:\Users\lebre\Documents\Jupyter Notebook\PyBlood\Data\ig\PMY_239956.jpg,ig,PMY
5926,C:\Users\lebre\Documents\Jupyter Notebook\PyBlood\Data\ig\MMY_136680.jpg,ig,MMY
8318,C:\Users\lebre\Documents\Jupyter Notebook\PyBlood\Data\ig\PMY_519748.jpg,ig,PMY
7736,C:\Users\lebre\Documents\Jupyter Notebook\PyBlood\Data\ig\MY_782369.jpg,ig,MY
7041,C:\Users\lebre\Documents\Jupyter Notebook\PyBlood\Data\ig\MY_215223.jpg,ig,MY
6330,C:\Users\lebre\Documents\Jupyter Notebook\PyBlood\Data\ig\MMY_462828.jpg,ig,MMY
8298,C:\Users\lebre\Documents\Jupyter Notebook\PyBlood\Data\ig\PMY_500790.jpg,ig,PMY
6082,C:\Users\lebre\Documents\Jupyter Notebook\PyBlood\Data\ig\MMY_263520.jpg,ig,MMY
5920,C:\Users\lebre\Documents\Jupyter Notebook\PyBlood\Data\ig\MMY_128937.jpg,ig,MMY
6939,C:\Users\lebre\Documents\Jupyter Notebook\PyBlood\Data\ig\MY_133660.jpg,ig,MY
7661,C:\Users\lebre\Documents\Jupyter Notebook\PyBlood\Data\ig\MY_721912.jpg,ig,MY
8439,C:\Users\lebre\Documents\Jupyter Notebook\PyBlood\Data\ig\PMY_715143.jpg,ig,PMY
6677,C:\Users\lebre\Documents\Jupyter Notebook\PyBlood\Data\ig\MMY_794921.jpg,ig,MMY
8232,C:\Users\lebre\Documents\Jupyter Notebook\PyBlood\Data\ig\PMY_402880.jpg,ig,PMY
8488,C:\Users\lebre\Documents\Jupyter Notebook\PyBlood\Data\ig\PMY_787838.jpg,ig,PMY
7163,C:\Users\lebre\Documents\Jupyter Notebook\PyBlood\Data\ig\MY_318125.jpg,ig,MY
8420,C:\Users\lebre\Documents\Jupyter Notebook\PyBlood\Data\ig\PMY_685743.jpg,ig,PMY
6706,C:\Users\lebre\Documents\Jupyter Notebook\PyBlood\Data\ig\MMY_816738.jpg,ig,MMY
7791,C:\Users\lebre\Documents\Jupyter Notebook\PyBlood\Data\ig\MY_822364.jpg,ig,MY
6501,C:\Users\lebre\Documents\Jupyter Notebook\PyBlood\Data\ig\MMY_632196.jpg,ig,MMY
6916,C:\Users\lebre\Documents\Jupyter Notebook\PyBlood\Data\ig\MY_113644.jpg,ig,MY
8510,C:\Users\lebre\Documents\Jupyter Notebook\PyBlood\Data\ig\PMY_817838.jpg,ig,PMY
6638,C:\Users\lebre\Documents\Jupyter Notebook\PyBlood\Data\ig\MMY_75636.jpg,ig,MMY
8104,C:\Users\lebre\Documents\Jupyter Notebook\PyBlood\Data\ig\PMY_208227.jpg,ig,PMY
8468,C:\Users\lebre\Documents\Jupyter Notebook\PyBlood\Data\ig\PMY_757137.jpg,ig,PMY
6111,C:\Users\lebre\Documents\Jupyter Notebook\PyBlood\Data\ig\MMY_287887.jpg,ig,MMY
8000,C:\Users\lebre\Documents\Jupyter Notebook\PyBlood\Data\ig\MY_970936.jpg,ig,MY
6080,C:\Users\lebre\Documents\Jupyter Notebook\PyBlood\Data\ig\MMY_263304.jpg,ig,MMY
6500,C:\Users\lebre\Documents\Jupyter Notebook\PyBlood\Data\ig\MMY_631766.jpg,ig,MMY
6468,C:\Users\lebre\Documents\Jupyter Notebook\PyBlood\Data\ig\MMY_601505.jpg,ig,MMY
6201,C:\Users\lebre\Documents\Jupyter Notebook\PyBlood\Data\ig\MMY_350213.jpg,ig,MMY
8490,C:\Users\lebre\Documents\Jupyter Notebook\PyBlood\Data\ig\PMY_792058.jpg,ig,PMY
6169,C:\Users\lebre\Documents\Jupyter Notebook\PyBlood\Data\ig\MMY_32855.jpg,ig,MMY
8409,C:\Users\lebre\Documents\Jupyter Notebook\PyBlood\Data\ig\PMY_655809.jpg,ig,PMY
7575,C:\Users\lebre\Documents\Jupyter Notebook\PyBlood\Data\ig\MY_647074.jpg,ig,MY
7015,C:\Users\lebre\Documents\Jupyter Notebook\PyBlood\Data\ig\MY_194705.jpg,ig,MY
6606,C:\Users\lebre\Documents\Jupyter Notebook\PyBlood\Data\ig\MMY_732303.jpg,ig,MMY
7586,C:\Users\lebre\Documents\Jupyter Notebook\PyBlood\Data\ig\MY_660337.jpg,ig,MY
6258,C:\Users\lebre\Documents\Jupyter Notebook\PyBlood\Data\ig\MMY_39970.jpg,ig,MMY
6924,C:\Users\lebre\Documents\Jupyter Notebook\PyBlood\Data\ig\MY_121051.jpg,ig,MY
8618,C:\Users\lebre\Documents\Jupyter Notebook\PyBlood\Data\ig\PMY_977800.jpg,ig,PMY
8163,C:\Users\lebre\Documents\Jupyter Notebook\PyBlood\Data\ig\PMY_302339.jpg,ig,PMY
6361,C:\Users\lebre\Documents\Jupyter Notebook\PyBlood\Data\ig\MMY_493957.jpg,ig,MMY
6132,C:\Users\lebre\Documents\Jupyter Notebook\PyBlood\Data\ig\MMY_297755.jpg,ig,MMY
7367,C:\Users\lebre\Documents\Jupyter Notebook\PyBlood\Data\ig\MY_482158.jpg,ig,MY
7909,C:\Users\lebre\Documents\Jupyter Notebook\PyBlood\Data\ig\MY_904011.jpg,ig,MY
8040,C:\Users\lebre\Documents\Jupyter Notebook\PyBlood\Data\ig\PMY_10344.jpg,ig,PMY
7352,C:\Users\lebre\Documents\Jupyter Notebook\PyBlood\Data\ig\MY_471812.jpg,ig,MY
6998,C:\Users\lebre\Documents\Jupyter Notebook\PyBlood\Data\ig\MY_182553.jpg,ig,MY
7642,C:\Users\lebre\Documents\Jupyter Notebook\PyBlood\Data\ig\MY_704264.jpg,ig,MY
7357,C:\Users\lebre\Documents\Jupyter Notebook\PyBlood\Data\ig\MY_476208.jpg,ig,MY
6365,C:\Users\lebre\Documents\Jupyter Notebook\PyBlood\Data\ig\MMY_498839.jpg,ig,MMY
6539,C:\Users\lebre\Documents\Jupyter Notebook\PyBlood\Data\ig\MMY_67264.jpg,ig,MMY
7948,C:\Users\lebre\Documents\Jupyter Notebook\PyBlood\Data\ig\MY_93079.jpg,ig,MY
8443,C:\Users\lebre\Documents\Jupyter Notebook\PyBlood\Data\ig\PMY_722562.jpg,ig,PMY
7650,C:\Users\lebre\Documents\Jupyter Notebook\PyBlood\Data\ig\MY_713569.jpg,ig,MY
7551,C:\Users\lebre\Documents\Jupyter Notebook\PyBlood\Data\ig\MY_623936.jpg,ig,MY
7494,C:\Users\lebre\Documents\Jupyter Notebook\PyBlood\Data\ig\MY_583276.jpg,ig,MY
8287,C:\Users\lebre\Documents\Jupyter Notebook\PyBlood\Data\ig\PMY_490425.jpg,ig,PMY
8086,C:\Users\lebre\Documents\Jupyter Notebook\PyBlood\Data\ig\PMY_185437.jpg,ig,PMY
7884,C:\Users\lebre\Documents\Jupyter Notebook\PyBlood\Data\ig\MY_88847.jpg,ig,MY
6779,C:\Users\lebre\Documents\Jupyter Notebook\PyBlood\Data\ig\MMY_887092.jpg,ig,MMY
8016,C:\Users\lebre\Documents\Jupyter Notebook\PyBlood\Data\ig\MY_980885.jpg,ig,MY
7719,C:\Users\lebre\Documents\Jupyter Notebook\PyBlood\Data\ig\MY_772454.jpg,ig,MY
7832,C:\Users\lebre\Documents\Jupyter Notebook\PyBlood\Data\ig\MY_845983.jpg,ig,MY
6664,C:\Users\lebre\Documents\Jupyter Notebook\PyBlood\Data\ig\MMY_782857.jpg,ig,MMY
7617,C:\Users\lebre\Documents\Jupyter Notebook\PyBlood\Data\ig\MY_685300.jpg,ig,MY
6482,C:\Users\lebre\Documents\Jupyter Notebook\PyBlood\Data\ig\MMY_610510.jpg,ig,MMY
6327,C:\Users\lebre\Documents\Jupyter Notebook\PyBlood\Data\ig\MMY_4594.jpg,ig,MMY
7487,C:\Users\lebre\Documents\Jupyter Notebook\PyBlood\Data\ig\MY_579000.jpg,ig,MY
6428,C:\Users\lebre\Documents\Jupyter Notebook\PyBlood\Data\ig\MMY_563946.jpg,ig,MMY
6159,C:\Users\lebre\Documents\Jupyter Notebook\PyBlood\Data\ig\MMY_318604.jpg,ig,MMY
7982,C:\Users\lebre\Documents\Jupyter Notebook\PyBlood\Data\ig\MY_957573.jpg,ig,MY
6177,C:\Users\lebre\Documents\Jupyter Notebook\PyBlood\Data\ig\MMY_33383.jpg,ig,MMY
8530,C:\Users\lebre\Documents\Jupyter Notebook\PyBlood\Data\ig\PMY_841428.jpg,ig,PMY
6485,C:\Users\lebre\Documents\Jupyter Notebook\PyBlood\Data\ig\MMY_613947.jpg,ig,MMY
6703,C:\Users\lebre\Documents\Jupyter Notebook\PyBlood\Data\ig\MMY_814740.jpg,ig,MMY
6822,C:\Users\lebre\Documents\Jupyter Notebook\PyBlood\Data\ig\MMY_92430.jpg,ig,MMY
8308,C:\Users\lebre\Documents\Jupyter Notebook\PyBlood\Data\ig\PMY_514938.jpg,ig,PMY
8418,C:\Users\lebre\Documents\Jupyter Notebook\PyBlood\Data\ig\PMY_679958.jpg,ig,PMY
7608,C:\Users\lebre\Documents\Jupyter Notebook\PyBlood\Data\ig\MY_677647.jpg,ig,MY
8389,C:\Users\lebre\Documents\Jupyter Notebook\PyBlood\Data\ig\PMY_634329.jpg,ig,PMY
8223,C:\Users\lebre\Documents\Jupyter Notebook\PyBlood\Data\ig\PMY_39029.jpg,ig,PMY
6187,C:\Users\lebre\Documents\Jupyter Notebook\PyBlood\Data\ig\MMY_341185.jpg,ig,MMY
7346,C:\Users\lebre\Documents\Jupyter Notebook\PyBlood\Data\ig\MY_4691.jpg,ig,MY
6962,C:\Users\lebre\Documents\Jupyter Notebook\PyBlood\Data\ig\MY_157291.jpg,ig,MY
8248,C:\Users\lebre\Documents\Jupyter Notebook\PyBlood\Data\ig\PMY_44483.jpg,ig,PMY
6036,C:\Users\lebre\Documents\Jupyter Notebook\PyBlood\Data\ig\MMY_233641.jpg,ig,MMY
6133,C:\Users\lebre\Documents\Jupyter Notebook\PyBlood\Data\ig\MMY_298333.jpg,ig,MMY
6267,C:\Users\lebre\Documents\Jupyter Notebook\PyBlood\Data\ig\MMY_406224.jpg,ig,MMY
7989,C:\Users\lebre\Documents\Jupyter Notebook\PyBlood\Data\ig\MY_964723.jpg,ig,MY
6099,C:\Users\lebre\Documents\Jupyter Notebook\PyBlood\Data\ig\MMY_276441.jpg,ig,MMY
6559,C:\Users\lebre\Documents\Jupyter Notebook\PyBlood\Data\ig\MMY_685315.jpg,ig,MMY
7099,C:\Users\lebre\Documents\Jupyter Notebook\PyBlood\Data\ig\MY_272861.jpg,ig,MY
8334,C:\Users\lebre\Documents\Jupyter Notebook\PyBlood\Data\ig\PMY_547637.jpg,ig,PMY
8352,C:\Users\lebre\Documents\Jupyter Notebook\PyBlood\Data\ig\PMY_574657.jpg,ig,PMY
9160,C:\Users\lebre\Documents\Jupyter Notebook\PyBlood\Data\lymphocyte\LY_511879.jpg,lymphocyte,LY
9275,C:\Users\lebre\Documents\Jupyter Notebook\PyBlood\Data\lymphocyte\LY_599020.jpg,lymphocyte,LY
8833,C:\Users\lebre\Documents\Jupyter Notebook\PyBlood\Data\lymphocyte\LY_267543.jpg,lymphocyte,LY
9798,C:\Users\lebre\Documents\Jupyter Notebook\PyBlood\Data\lymphocyte\LY_956038.jpg,lymphocyte,LY
9462,C:\Users\lebre\Documents\Jupyter Notebook\PyBlood\Data\lymphocyte\LY_730192.jpg,lymphocyte,LY
8925,C:\Users\lebre\Documents\Jupyter Notebook\PyBlood\Data\lymphocyte\LY_327708.jpg,lymphocyte,LY
9330,C:\Users\lebre\Documents\Jupyter Notebook\PyBlood\Data\lymphocyte\LY_64434.jpg,lymphocyte,LY
9652,C:\Users\lebre\Documents\Jupyter Notebook\PyBlood\Data\lymphocyte\LY_858672.jpg,lymphocyte,LY
9352,C:\Users\lebre\Documents\Jupyter Notebook\PyBlood\Data\lymphocyte\LY_652833.jpg,lymphocyte,LY
9064,C:\Users\lebre\Documents\Jupyter Notebook\PyBlood\Data\lymphocyte\LY_431600.jpg,lymphocyte,LY
8967,C:\Users\lebre\Documents\Jupyter Notebook\PyBlood\Data\lymphocyte\LY_35661.jpg,lymphocyte,LY
8836,C:\Users\lebre\Documents\Jupyter Notebook\PyBlood\Data\lymphocyte\LY_268161.jpg,lymphocyte,LY
8813,C:\Users\lebre\Documents\Jupyter Notebook\PyBlood\Data\lymphocyte\LY_251597.jpg,lymphocyte,LY
8952,C:\Users\lebre\Documents\Jupyter Notebook\PyBlood\Data\lymphocyte\LY_34670.jpg,lymphocyte,LY
9472,C:\Users\lebre\Documents\Jupyter Notebook\PyBlood\Data\lymphocyte\LY_736101.jpg,lymphocyte,LY
9026,C:\Users\lebre\Documents\Jupyter Notebook\PyBlood\Data\lymphocyte\LY_400974.jpg,lymphocyte,LY
9646,C:\Users\lebre\Documents\Jupyter Notebook\PyBlood\Data\lymphocyte\LY_853229.jpg,lymphocyte,LY
8923,C:\Users\lebre\Documents\Jupyter Notebook\PyBlood\Data\lymphocyte\LY_326859.jpg,lymphocyte,LY
9735,C:\Users\lebre\Documents\Jupyter Notebook\PyBlood\Data\lymphocyte\LY_91407.jpg,lymphocyte,LY
9041,C:\Users\lebre\Documents\Jupyter Notebook\PyBlood\Data\lymphocyte\LY_414119.jpg,lymphocyte,LY
8705,C:\Users\lebre\Documents\Jupyter Notebook\PyBlood\Data\lymphocyte\LY_164687.jpg,lymphocyte,LY
8993,C:\Users\lebre\Documents\Jupyter Notebook\PyBlood\Data\lymphocyte\LY_373035.jpg,lymphocyte,LY
9647,C:\Users\lebre\Documents\Jupyter Notebook\PyBlood\Data\lymphocyte\LY_853677.jpg,lymphocyte,LY
9182,C:\Users\lebre\Documents\Jupyter Notebook\PyBlood\Data\lymphocyte\LY_526267.jpg,lymphocyte,LY
8976,C:\Users\lebre\Documents\Jupyter Notebook\PyBlood\Data\lymphocyte\LY_360951.jpg,lymphocyte,LY
9203,C:\Users\lebre\Documents\Jupyter Notebook\PyBlood\Data\lymphocyte\LY_545090.jpg,lymphocyte,LY
8858,C:\Users\lebre\Documents\Jupyter Notebook\PyBlood\Data\lymphocyte\LY_284207.jpg,lymphocyte,LY
8670,C:\Users\lebre\Documents\Jupyter Notebook\PyBlood\Data\lymphocyte\LY_135776.jpg,lymphocyte,LY
9770,C:\Users\lebre\Documents\Jupyter Notebook\PyBlood\Data\lymphocyte\LY_933937.jpg,lymphocyte,LY
9817,C:\Users\lebre\Documents\Jupyter Notebook\PyBlood\Data\lymphocyte\LY_971434.jpg,lymphocyte,LY
9463,C:\Users\lebre\Documents\Jupyter Notebook\PyBlood\Data\lymphocyte\LY_730423.jpg,lymphocyte,LY
8898,C:\Users\lebre\Documents\Jupyter Notebook\PyBlood\Data\lymphocyte\LY_310881.jpg,lymphocyte,LY
9592,C:\Users\lebre\Documents\Jupyter Notebook\PyBlood\Data\lymphocyte\LY_819068.jpg,lymphocyte,LY
8906,C:\Users\lebre\Documents\Jupyter Notebook\PyBlood\Data\lymphocyte\LY_316610.jpg,lymphocyte,LY
9267,C:\Users\lebre\Documents\Jupyter Notebook\PyBlood\Data\lymphocyte\LY_592355.jpg,lymphocyte,LY
9584,C:\Users\lebre\Documents\Jupyter Notebook\PyBlood\Data\lymphocyte\LY_815909.jpg,lymphocyte,LY
9540,C:\Users\lebre\Documents\Jupyter Notebook\PyBlood\Data\lymphocyte\LY_785284.jpg,lymphocyte,LY
8885,C:\Users\lebre\Documents\Jupyter Notebook\PyBlood\Data\lymphocyte\LY_300487.jpg,lymphocyte,LY
8725,C:\Users\lebre\Documents\Jupyter Notebook\PyBlood\Data\lymphocyte\LY_176821.jpg,lymphocyte,LY
8672,C:\Users\lebre\Documents\Jupyter Notebook\PyBlood\Data\lymphocyte\LY_136500.jpg,lymphocyte,LY
9715,C:\Users\lebre\Documents\Jupyter Notebook\PyBlood\Data\lymphocyte\LY_898862.jpg,lymphocyte,LY
9666,C:\Users\lebre\Documents\Jupyter Notebook\PyBlood\Data\lymphocyte\LY_869516.jpg,lymphocyte,LY
9827,C:\Users\lebre\Documents\Jupyter Notebook\PyBlood\Data\lymphocyte\LY_981098.jpg,lymphocyte,LY
9631,C:\Users\lebre\Documents\Jupyter Notebook\PyBlood\Data\lymphocyte\LY_839729.jpg,lymphocyte,LY
8901,C:\Users\lebre\Documents\Jupyter Notebook\PyBlood\Data\lymphocyte\LY_313032.jpg,lymphocyte,LY
9027,C:\Users\lebre\Documents\Jupyter Notebook\PyBlood\Data\lymphocyte\LY_40134.jpg,lymphocyte,LY
9119,C:\Users\lebre\Documents\Jupyter Notebook\PyBlood\Data\lymphocyte\LY_480700.jpg,lymphocyte,LY
8811,C:\Users\lebre\Documents\Jupyter Notebook\PyBlood\Data\lymphocyte\LY_249223.jpg,lymphocyte,LY
9232,C:\Users\lebre\Documents\Jupyter Notebook\PyBlood\Data\lymphocyte\LY_565758.jpg,lymphocyte,LY
9135,C:\Users\lebre\Documents\Jupyter Notebook\PyBlood\Data\lymphocyte\LY_488343.jpg,lymphocyte,LY
9437,C:\Users\lebre\Documents\Jupyter Notebook\PyBlood\Data\lymphocyte\LY_712475.jpg,lymphocyte,LY
8782,C:\Users\lebre\Documents\Jupyter Notebook\PyBlood\Data\lymphocyte\LY_220151.jpg,lymphocyte,LY
9698,C:\Users\lebre\Documents\Jupyter Notebook\PyBlood\Data\lymphocyte\LY_891701.jpg,lymphocyte,LY
9195,C:\Users\lebre\Documents\Jupyter Notebook\PyBlood\Data\lymphocyte\LY_534632.jpg,lymphocyte,LY
9270,C:\Users\lebre\Documents\Jupyter Notebook\PyBlood\Data\lymphocyte\LY_595308.jpg,lymphocyte,LY
9436,C:\Users\lebre\Documents\Jupyter Notebook\PyBlood\Data\lymphocyte\LY_709834.jpg,lymphocyte,LY
8790,C:\Users\lebre\Documents\Jupyter Notebook\PyBlood\Data\lymphocyte\LY_228644.jpg,lymphocyte,LY
9209,C:\Users\lebre\Documents\Jupyter Notebook\PyBlood\Data\lymphocyte\LY_550491.jpg,lymphocyte,LY
9537,C:\Users\lebre\Documents\Jupyter Notebook\PyBlood\Data\lymphocyte\LY_782430.jpg,lymphocyte,LY
9502,C:\Users\lebre\Documents\Jupyter Notebook\PyBlood\Data\lymphocyte\LY_753964.jpg,lymphocyte,LY
8957,C:\Users\lebre\Documents\Jupyter Notebook\PyBlood\Data\lymphocyte\LY_349680.jpg,lymphocyte,LY
8632,C:\Users\lebre\Documents\Jupyter Notebook\PyBlood\Data\lymphocyte\LY_10361.jpg,lymphocyte,LY
8849,C:\Users\lebre\Documents\Jupyter Notebook\PyBlood\Data\lymphocyte\LY_275445.jpg,lymphocyte,LY
9058,C:\Users\lebre\Documents\Jupyter Notebook\PyBlood\Data\lymphocyte\LY_422181.jpg,lymphocyte,LY
8685,C:\Users\lebre\Documents\Jupyter Notebook\PyBlood\Data\lymphocyte\LY_148377.jpg,lymphocyte,LY
9711,C:\Users\lebre\Documents\Jupyter Notebook\PyBlood\Data\lymphocyte\LY_894865.jpg,lymphocyte,LY
8962,C:\Users\lebre\Documents\Jupyter Notebook\PyBlood\Data\lymphocyte\LY_353550.jpg,lymphocyte,LY
9193,C:\Users\lebre\Documents\Jupyter Notebook\PyBlood\Data\lymphocyte\LY_532750.jpg,lymphocyte,LY
9070,C:\Users\lebre\Documents\Jupyter Notebook\PyBlood\Data\lymphocyte\LY_435799.jpg,lymphocyte,LY
9348,C:\Users\lebre\Documents\Jupyter Notebook\PyBlood\Data\lymphocyte\LY_650850.jpg,lymphocyte,LY
9256,C:\Users\lebre\Documents\Jupyter Notebook\PyBlood\Data\lymphocyte\LY_586473.jpg,lymphocyte,LY
9777,C:\Users\lebre\Documents\Jupyter Notebook\PyBlood\Data\lymphocyte\LY_939287.jpg,lymphocyte,LY
9560,C:\Users\lebre\Documents\Jupyter Notebook\PyBlood\Data\lymphocyte\LY_797793.jpg,lymphocyte,LY
9108,C:\Users\lebre\Documents\Jupyter Notebook\PyBlood\Data\lymphocyte\LY_472472.jpg,lymphocyte,LY
9229,C:\Users\lebre\Documents\Jupyter Notebook\PyBlood\Data\lymphocyte\LY_563513.jpg,lymphocyte,LY
9071,C:\Users\lebre\Documents\Jupyter Notebook\PyBlood\Data\lymphocyte\LY_436028.jpg,lymphocyte,LY
8750,C:\Users\lebre\Documents\Jupyter Notebook\PyBlood\Data\lymphocyte\LY_191979.jpg,lymphocyte,LY
9412,C:\Users\lebre\Documents\Jupyter Notebook\PyBlood\Data\lymphocyte\LY_696193.jpg,lymphocyte,LY
9392,C:\Users\lebre\Documents\Jupyter Notebook\PyBlood\Data\lymphocyte\LY_681516.jpg,lymphocyte,LY
9830,C:\Users\lebre\Documents\Jupyter Notebook\PyBlood\Data\lymphocyte\LY_984424.jpg,lymphocyte,LY
8639,C:\Users\lebre\Documents\Jupyter Notebook\PyBlood\Data\lymphocyte\LY_109093.jpg,lymphocyte,LY
9155,C:\Users\lebre\Documents\Jupyter Notebook\PyBlood\Data\lymphocyte\LY_506225.jpg,lymphocyte,LY
9014,C:\Users\lebre\Documents\Jupyter Notebook\PyBlood\Data\lymphocyte\LY_390727.jpg,lymphocyte,LY
9217,C:\Users\lebre\Documents\Jupyter Notebook\PyBlood\Data\lymphocyte\LY_554492.jpg,lymphocyte,LY
9179,C:\Users\lebre\Documents\Jupyter Notebook\PyBlood\Data\lymphocyte\LY_524425.jpg,lymphocyte,LY
9660,C:\Users\lebre\Documents\Jupyter Notebook\PyBlood\Data\lymphocyte\LY_865265.jpg,lymphocyte,LY
9772,C:\Users\lebre\Documents\Jupyter Notebook\PyBlood\Data\lymphocyte\LY_935379.jpg,lymphocyte,LY
9722,C:\Users\lebre\Documents\Jupyter Notebook\PyBlood\Data\lymphocyte\LY_904542.jpg,lymphocyte,LY
8909,C:\Users\lebre\Documents\Jupyter Notebook\PyBlood\Data\lymphocyte\LY_317346.jpg,lymphocyte,LY
9689,C:\Users\lebre\Documents\Jupyter Notebook\PyBlood\Data\lymphocyte\LY_87818.jpg,lymphocyte,LY
9069,C:\Users\lebre\Documents\Jupyter Notebook\PyBlood\Data\lymphocyte\LY_43551.jpg,lymphocyte,LY
8774,C:\Users\lebre\Documents\Jupyter Notebook\PyBlood\Data\lymphocyte\LY_209350.jpg,lymphocyte,LY
9664,C:\Users\lebre\Documents\Jupyter Notebook\PyBlood\Data\lymphocyte\LY_868217.jpg,lymphocyte,LY
8817,C:\Users\lebre\Documents\Jupyter Notebook\PyBlood\Data\lymphocyte\LY_254174.jpg,lymphocyte,LY
9291,C:\Users\lebre\Documents\Jupyter Notebook\PyBlood\Data\lymphocyte\LY_607451.jpg,lymphocyte,LY
9730,C:\Users\lebre\Documents\Jupyter Notebook\PyBlood\Data\lymphocyte\LY_908944.jpg,lymphocyte,LY
9779,C:\Users\lebre\Documents\Jupyter Notebook\PyBlood\Data\lymphocyte\LY_944905.jpg,lymphocyte,LY
9115,C:\Users\lebre\Documents\Jupyter Notebook\PyBlood\Data\lymphocyte\LY_478787.jpg,lymphocyte,LY
9668,C:\Users\lebre\Documents\Jupyter Notebook\PyBlood\Data\lymphocyte\LY_869931.jpg,lymphocyte,LY
9290,C:\Users\lebre\Documents\Jupyter Notebook\PyBlood\Data\lymphocyte\LY_607326.jpg,lymphocyte,LY
10741,C:\Users\lebre\Documents\Jupyter Notebook\PyBlood\Data\monocyte\MO_66318.jpg,monocyte,MO
10868,C:\Users\lebre\Documents\Jupyter Notebook\PyBlood\Data\monocyte\MO_755262.jpg,monocyte,MO
10607,C:\Users\lebre\Documents\Jupyter Notebook\PyBlood\Data\monocyte\MO_581079.jpg,monocyte,MO
10507,C:\Users\lebre\Documents\Jupyter Notebook\PyBlood\Data\monocyte\MO_509901.jpg,monocyte,MO
10329,C:\Users\lebre\Documents\Jupyter Notebook\PyBlood\Data\monocyte\MO_398318.jpg,monocyte,MO
11153,C:\Users\lebre\Documents\Jupyter Notebook\PyBlood\Data\monocyte\MO_91781.jpg,monocyte,MO
10637,C:\Users\lebre\Documents\Jupyter Notebook\PyBlood\Data\monocyte\MO_605192.jpg,monocyte,MO
10759,C:\Users\lebre\Documents\Jupyter Notebook\PyBlood\Data\monocyte\MO_675510.jpg,monocyte,MO
10513,C:\Users\lebre\Documents\Jupyter Notebook\PyBlood\Data\monocyte\MO_516349.jpg,monocyte,MO
10319,C:\Users\lebre\Documents\Jupyter Notebook\PyBlood\Data\monocyte\MO_390934.jpg,monocyte,MO
10012,C:\Users\lebre\Documents\Jupyter Notebook\PyBlood\Data\monocyte\MO_207195.jpg,monocyte,MO
10470,C:\Users\lebre\Documents\Jupyter Notebook\PyBlood\Data\monocyte\MO_48904.jpg,monocyte,MO
10453,C:\Users\lebre\Documents\Jupyter Notebook\PyBlood\Data\monocyte\MO_479584.jpg,monocyte,MO
11125,C:\Users\lebre\Documents\Jupyter Notebook\PyBlood\Data\monocyte\MO_902874.jpg,monocyte,MO
11061,C:\Users\lebre\Documents\Jupyter Notebook\PyBlood\Data\monocyte\MO_86130.jpg,monocyte,MO
10356,C:\Users\lebre\Documents\Jupyter Notebook\PyBlood\Data\monocyte\MO_413572.jpg,monocyte,MO
10615,C:\Users\lebre\Documents\Jupyter Notebook\PyBlood\Data\monocyte\MO_586452.jpg,monocyte,MO
10243,C:\Users\lebre\Documents\Jupyter Notebook\PyBlood\Data\monocyte\MO_353833.jpg,monocyte,MO
10742,C:\Users\lebre\Documents\Jupyter Notebook\PyBlood\Data\monocyte\MO_664159.jpg,monocyte,MO
10768,C:\Users\lebre\Documents\Jupyter Notebook\PyBlood\Data\monocyte\MO_679959.jpg,monocyte,MO
10367,C:\Users\lebre\Documents\Jupyter Notebook\PyBlood\Data\monocyte\MO_420359.jpg,monocyte,MO
10087,C:\Users\lebre\Documents\Jupyter Notebook\PyBlood\Data\monocyte\MO_248587.jpg,monocyte,MO
10163,C:\Users\lebre\Documents\Jupyter Notebook\PyBlood\Data\monocyte\MO_294724.jpg,monocyte,MO
10350,C:\Users\lebre\Documents\Jupyter Notebook\PyBlood\Data\monocyte\MO_409710.jpg,monocyte,MO
10058,C:\Users\lebre\Documents\Jupyter Notebook\PyBlood\Data\monocyte\MO_230888.jpg,monocyte,MO
10786,C:\Users\lebre\Documents\Jupyter Notebook\PyBlood\Data\monocyte\MO_693501.jpg,monocyte,MO
9856,C:\Users\lebre\Documents\Jupyter Notebook\PyBlood\Data\monocyte\MO_107817.jpg,monocyte,MO
11143,C:\Users\lebre\Documents\Jupyter Notebook\PyBlood\Data\monocyte\MO_910704.jpg,monocyte,MO
11138,C:\Users\lebre\Documents\Jupyter Notebook\PyBlood\Data\monocyte\MO_907857.jpg,monocyte,MO
10242,C:\Users\lebre\Documents\Jupyter Notebook\PyBlood\Data\monocyte\MO_353686.jpg,monocyte,MO
10132,C:\Users\lebre\Documents\Jupyter Notebook\PyBlood\Data\monocyte\MO_269792.jpg,monocyte,MO
10102,C:\Users\lebre\Documents\Jupyter Notebook\PyBlood\Data\monocyte\MO_257537.jpg,monocyte,MO
10559,C:\Users\lebre\Documents\Jupyter Notebook\PyBlood\Data\monocyte\MO_547845.jpg,monocyte,MO
11263,C:\Users\lebre\Documents\Jupyter Notebook\PyBlood\Data\monocyte\MO_999317.jpg,monocyte,MO
10628,C:\Users\lebre\Documents\Jupyter Notebook\PyBlood\Data\monocyte\MO_598200.jpg,monocyte,MO
11056,C:\Users\lebre\Documents\Jupyter Notebook\PyBlood\Data\monocyte\MO_858587.jpg,monocyte,MO
11185,C:\Users\lebre\Documents\Jupyter Notebook\PyBlood\Data\monocyte\MO_942934.jpg,monocyte,MO
10973,C:\Users\lebre\Documents\Jupyter Notebook\PyBlood\Data\monocyte\MO_807614.jpg,monocyte,MO
11006,C:\Users\lebre\Documents\Jupyter Notebook\PyBlood\Data\monocyte\MO_829351.jpg,monocyte,MO
11109,C:\Users\lebre\Documents\Jupyter Notebook\PyBlood\Data\monocyte\MO_896401.jpg,monocyte,MO
10123,C:\Users\lebre\Documents\Jupyter Notebook\PyBlood\Data\monocyte\MO_266780.jpg,monocyte,MO
11257,C:\Users\lebre\Documents\Jupyter Notebook\PyBlood\Data\monocyte\MO_997225.jpg,monocyte,MO
10495,C:\Users\lebre\Documents\Jupyter Notebook\PyBlood\Data\monocyte\MO_503447.jpg,monocyte,MO
11083,C:\Users\lebre\Documents\Jupyter Notebook\PyBlood\Data\monocyte\MO_87762.jpg,monocyte,MO
9947,C:\Users\lebre\Documents\Jupyter Notebook\PyBlood\Data\monocyte\MO_159280.jpg,monocyte,MO
10895,C:\Users\lebre\Documents\Jupyter Notebook\PyBlood\Data\monocyte\MO_767104.jpg,monocyte,MO
10267,C:\Users\lebre\Documents\Jupyter Notebook\PyBlood\Data\monocyte\MO_365265.jpg,monocyte,MO
10540,C:\Users\lebre\Documents\Jupyter Notebook\PyBlood\Data\monocyte\MO_533874.jpg,monocyte,MO
11175,C:\Users\lebre\Documents\Jupyter Notebook\PyBlood\Data\monocyte\MO_935222.jpg,monocyte,MO
10700,C:\Users\lebre\Documents\Jupyter Notebook\PyBlood\Data\monocyte\MO_642249.jpg,monocyte,MO
11123,C:\Users\lebre\Documents\Jupyter Notebook\PyBlood\Data\monocyte\MO_902264.jpg,monocyte,MO
10956,C:\Users\lebre\Documents\Jupyter Notebook\PyBlood\Data\monocyte\MO_799116.jpg,monocyte,MO
10524,C:\Users\lebre\Documents\Jupyter Notebook\PyBlood\Data\monocyte\MO_522395.jpg,monocyte,MO
10302,C:\Users\lebre\Documents\Jupyter Notebook\PyBlood\Data\monocyte\MO_381720.jpg,monocyte,MO
11230,C:\Users\lebre\Documents\Jupyter Notebook\PyBlood\Data\monocyte\MO_973782.jpg,monocyte,MO
11073,C:\Users\lebre\Documents\Jupyter Notebook\PyBlood\Data\monocyte\MO_869600.jpg,monocyte,MO
10251,C:\Users\lebre\Documents\Jupyter Notebook\PyBlood\Data\monocyte\MO_35781.jpg,monocyte,MO
10144,C:\Users\lebre\Documents\Jupyter Notebook\PyBlood\Data\monocyte\MO_277784.jpg,monocyte,MO
10966,C:\Users\lebre\Documents\Jupyter Notebook\PyBlood\Data\monocyte\MO_803041.jpg,monocyte,MO
9908,C:\Users\lebre\Documents\Jupyter Notebook\PyBlood\Data\monocyte\MO_139617.jpg,monocyte,MO
10425,C:\Users\lebre\Documents\Jupyter Notebook\PyBlood\Data\monocyte\MO_461501.jpg,monocyte,MO
10982,C:\Users\lebre\Documents\Jupyter Notebook\PyBlood\Data\monocyte\MO_814069.jpg,monocyte,MO
10365,C:\Users\lebre\Documents\Jupyter Notebook\PyBlood\Data\monocyte\MO_41924.jpg,monocyte,MO
10054,C:\Users\lebre\Documents\Jupyter Notebook\PyBlood\Data\monocyte\MO_228669.jpg,monocyte,MO
9863,C:\Users\lebre\Documents\Jupyter Notebook\PyBlood\Data\monocyte\MO_111934.jpg,monocyte,MO
10130,C:\Users\lebre\Documents\Jupyter Notebook\PyBlood\Data\monocyte\MO_269002.jpg,monocyte,MO
10796,C:\Users\lebre\Documents\Jupyter Notebook\PyBlood\Data\monocyte\MO_701687.jpg,monocyte,MO
10327,C:\Users\lebre\Documents\Jupyter Notebook\PyBlood\Data\monocyte\MO_396043.jpg,monocyte,MO
10430,C:\Users\lebre\Documents\Jupyter Notebook\PyBlood\Data\monocyte\MO_465710.jpg,monocyte,MO
10875,C:\Users\lebre\Documents\Jupyter Notebook\PyBlood\Data\monocyte\MO_759794.jpg,monocyte,MO
10170,C:\Users\lebre\Documents\Jupyter Notebook\PyBlood\Data\monocyte\MO_300921.jpg,monocyte,MO
10109,C:\Users\lebre\Documents\Jupyter Notebook\PyBlood\Data\monocyte\MO_260942.jpg,monocyte,MO
9914,C:\Users\lebre\Documents\Jupyter Notebook\PyBlood\Data\monocyte\MO_142497.jpg,monocyte,MO
10566,C:\Users\lebre\Documents\Jupyter Notebook\PyBlood\Data\monocyte\MO_552161.jpg,monocyte,MO
10510,C:\Users\lebre\Documents\Jupyter Notebook\PyBlood\Data\monocyte\MO_512783.jpg,monocyte,MO
10492,C:\Users\lebre\Documents\Jupyter Notebook\PyBlood\Data\monocyte\MO_502212.jpg,monocyte,MO
10029,C:\Users\lebre\Documents\Jupyter Notebook\PyBlood\Data\monocyte\MO_214087.jpg,monocyte,MO
10378,C:\Users\lebre\Documents\Jupyter Notebook\PyBlood\Data\monocyte\MO_429133.jpg,monocyte,MO
10472,C:\Users\lebre\Documents\Jupyter Notebook\PyBlood\Data\monocyte\MO_490016.jpg,monocyte,MO
10217,C:\Users\lebre\Documents\Jupyter Notebook\PyBlood\Data\monocyte\MO_335605.jpg,monocyte,MO
11187,C:\Users\lebre\Documents\Jupyter Notebook\PyBlood\Data\monocyte\MO_943806.jpg,monocyte,MO
10544,C:\Users\lebre\Documents\Jupyter Notebook\PyBlood\Data\monocyte\MO_540869.jpg,monocyte,MO
11256,C:\Users\lebre\Documents\Jupyter Notebook\PyBlood\Data\monocyte\MO_995508.jpg,monocyte,MO
10359,C:\Users\lebre\Documents\Jupyter Notebook\PyBlood\Data\monocyte\MO_417142.jpg,monocyte,MO
10192,C:\Users\lebre\Documents\Jupyter Notebook\PyBlood\Data\monocyte\MO_320396.jpg,monocyte,MO
10608,C:\Users\lebre\Documents\Jupyter Notebook\PyBlood\Data\monocyte\MO_581325.jpg,monocyte,MO
10721,C:\Users\lebre\Documents\Jupyter Notebook\PyBlood\Data\monocyte\MO_652824.jpg,monocyte,MO
11124,C:\Users\lebre\Documents\Jupyter Notebook\PyBlood\Data\monocyte\MO_902638.jpg,monocyte,MO
10536,C:\Users\lebre\Documents\Jupyter Notebook\PyBlood\Data\monocyte\MO_53142.jpg,monocyte,MO
10882,C:\Users\lebre\Documents\Jupyter Notebook\PyBlood\Data\monocyte\MO_762290.jpg,monocyte,MO
10619,C:\Users\lebre\Documents\Jupyter Notebook\PyBlood\Data\monocyte\MO_592949.jpg,monocyte,MO
10050,C:\Users\lebre\Documents\Jupyter Notebook\PyBlood\Data\monocyte\MO_226318.jpg,monocyte,MO
10465,C:\Users\lebre\Documents\Jupyter Notebook\PyBlood\Data\monocyte\MO_486311.jpg,monocyte,MO
10291,C:\Users\lebre\Documents\Jupyter Notebook\PyBlood\Data\monocyte\MO_375691.jpg,monocyte,MO
11074,C:\Users\lebre\Documents\Jupyter Notebook\PyBlood\Data\monocyte\MO_870248.jpg,monocyte,MO
10239,C:\Users\lebre\Documents\Jupyter Notebook\PyBlood\Data\monocyte\MO_351284.jpg,monocyte,MO
10950,C:\Users\lebre\Documents\Jupyter Notebook\PyBlood\Data\monocyte\MO_794734.jpg,monocyte,MO
10684,C:\Users\lebre\Documents\Jupyter Notebook\PyBlood\Data\monocyte\MO_629941.jpg,monocyte,MO
10290,C:\Users\lebre\Documents\Jupyter Notebook\PyBlood\Data\monocyte\MO_375623.jpg,monocyte,MO
10450,C:\Users\lebre\Documents\Jupyter Notebook\PyBlood\Data\monocyte\MO_477289.jpg,monocyte,MO
12884,C:\Users\lebre\Documents\Jupyter Notebook\PyBlood\Data\neutrophil\BNE_991404.jpg,neutrophil,BNE
13021,C:\Users\lebre\Documents\Jupyter Notebook\PyBlood\Data\neutrophil\SNE_159739.jpg,neutrophil,SNE
11852,C:\Users\lebre\Documents\Jupyter Notebook\PyBlood\Data\neutrophil\BNE_393835.jpg,neutrophil,BNE
12971,C:\Users\lebre\Documents\Jupyter Notebook\PyBlood\Data\neutrophil\SNE_138139.jpg,neutrophil,SNE
13824,C:\Users\lebre\Documents\Jupyter Notebook\PyBlood\Data\neutrophil\SNE_606249.jpg,neutrophil,SNE
14183,C:\Users\lebre\Documents\Jupyter Notebook\PyBlood\Data\neutrophil\SNE_816733.jpg,neutrophil,SNE
12432,C:\Users\lebre\Documents\Jupyter Notebook\PyBlood\Data\neutrophil\BNE_733916.jpg,neutrophil,BNE
13462,C:\Users\lebre\Documents\Jupyter Notebook\PyBlood\Data\neutrophil\SNE_400327.jpg,neutrophil,SNE
13916,C:\Users\lebre\Documents\Jupyter Notebook\PyBlood\Data\neutrophil\SNE_651628.jpg,neutrophil,SNE
12655,C:\Users\lebre\Documents\Jupyter Notebook\PyBlood\Data\neutrophil\BNE_867430.jpg,neutrophil,BNE
12394,C:\Users\lebre\Documents\Jupyter Notebook\PyBlood\Data\neutrophil\BNE_709653.jpg,neutrophil,BNE
11559,C:\Users\lebre\Documents\Jupyter Notebook\PyBlood\Data\neutrophil\BNE_265195.jpg,neutrophil,BNE
14208,C:\Users\lebre\Documents\Jupyter Notebook\PyBlood\Data\neutrophil\SNE_827687.jpg,neutrophil,SNE
13113,C:\Users\lebre\Documents\Jupyter Notebook\PyBlood\Data\neutrophil\SNE_205547.jpg,neutrophil,SNE
12774,C:\Users\lebre\Documents\Jupyter Notebook\PyBlood\Data\neutrophil\BNE_938012.jpg,neutrophil,BNE
13995,C:\Users\lebre\Documents\Jupyter Notebook\PyBlood\Data\neutrophil\SNE_700357.jpg,neutrophil,SNE
11399,C:\Users\lebre\Documents\Jupyter Notebook\PyBlood\Data\neutrophil\BNE_174167.jpg,neutrophil,BNE
12058,C:\Users\lebre\Documents\Jupyter Notebook\PyBlood\Data\neutrophil\BNE_518814.jpg,neutrophil,BNE
12098,C:\Users\lebre\Documents\Jupyter Notebook\PyBlood\Data\neutrophil\BNE_54463.jpg,neutrophil,BNE
11780,C:\Users\lebre\Documents\Jupyter Notebook\PyBlood\Data\neutrophil\BNE_363984.jpg,neutrophil,BNE
11851,C:\Users\lebre\Documents\Jupyter Notebook\PyBlood\Data\neutrophil\BNE_393818.jpg,neutrophil,BNE
12332,C:\Users\lebre\Documents\Jupyter Notebook\PyBlood\Data\neutrophil\BNE_669603.jpg,neutrophil,BNE
11447,C:\Users\lebre\Documents\Jupyter Notebook\PyBlood\Data\neutrophil\BNE_197399.jpg,neutrophil,BNE
13479,C:\Users\lebre\Documents\Jupyter Notebook\PyBlood\Data\neutrophil\SNE_404595.jpg,neutrophil,SNE
12075,C:\Users\lebre\Documents\Jupyter Notebook\PyBlood\Data\neutrophil\BNE_525989.jpg,neutrophil,BNE
11673,C:\Users\lebre\Documents\Jupyter Notebook\PyBlood\Data\neutrophil\BNE_314110.jpg,neutrophil,BNE
12849,C:\Users\lebre\Documents\Jupyter Notebook\PyBlood\Data\neutrophil\BNE_9763.jpg,neutrophil,BNE
14166,C:\Users\lebre\Documents\Jupyter Notebook\PyBlood\Data\neutrophil\SNE_810419.jpg,neutrophil,SNE
13836,C:\Users\lebre\Documents\Jupyter Notebook\PyBlood\Data\neutrophil\SNE_61066.jpg,neutrophil,SNE
12885,C:\Users\lebre\Documents\Jupyter Notebook\PyBlood\Data\neutrophil\BNE_991489.jpg,neutrophil,BNE
13457,C:\Users\lebre\Documents\Jupyter Notebook\PyBlood\Data\neutrophil\SNE_398870.jpg,neutrophil,SNE
13319,C:\Users\lebre\Documents\Jupyter Notebook\PyBlood\Data\neutrophil\SNE_326733.jpg,neutrophil,SNE
11765,C:\Users\lebre\Documents\Jupyter Notebook\PyBlood\Data\neutrophil\BNE_357413.jpg,neutrophil,BNE
12464,C:\Users\lebre\Documents\Jupyter Notebook\PyBlood\Data\neutrophil\BNE_757613.jpg,neutrophil,BNE
12504,C:\Users\lebre\Documents\Jupyter Notebook\PyBlood\Data\neutrophil\BNE_779767.jpg,neutrophil,BNE
12203,C:\Users\lebre\Documents\Jupyter Notebook\PyBlood\Data\neutrophil\BNE_595137.jpg,neutrophil,BNE
13663,C:\Users\lebre\Documents\Jupyter Notebook\PyBlood\Data\neutrophil\SNE_504600.jpg,neutrophil,SNE
12731,C:\Users\lebre\Documents\Jupyter Notebook\PyBlood\Data\neutrophil\BNE_911646.jpg,neutrophil,BNE
12547,C:\Users\lebre\Documents\Jupyter Notebook\PyBlood\Data\neutrophil\BNE_808310.jpg,neutrophil,BNE
12541,C:\Users\lebre\Documents\Jupyter Notebook\PyBlood\Data\neutrophil\BNE_804691.jpg,neutrophil,BNE
13043,C:\Users\lebre\Documents\Jupyter Notebook\PyBlood\Data\neutrophil\SNE_171033.jpg,neutrophil,SNE
13291,C:\Users\lebre\Documents\Jupyter Notebook\PyBlood\Data\neutrophil\SNE_308177.jpg,neutrophil,SNE
14487,C:\Users\lebre\Documents\Jupyter Notebook\PyBlood\Data\neutrophil\SNE_968237.jpg,neutrophil,SNE
11355,C:\Users\lebre\Documents\Jupyter Notebook\PyBlood\Data\neutrophil\BNE_148538.jpg,neutrophil,BNE
12041,C:\Users\lebre\Documents\Jupyter Notebook\PyBlood\Data\neutrophil\BNE_506744.jpg,neutrophil,BNE
13551,C:\Users\lebre\Documents\Jupyter Notebook\PyBlood\Data\neutrophil\SNE_445540.jpg,neutrophil,SNE
11388,C:\Users\lebre\Documents\Jupyter Notebook\PyBlood\Data\neutrophil\BNE_169393.jpg,neutrophil,BNE
14493,C:\Users\lebre\Documents\Jupyter Notebook\PyBlood\Data\neutrophil\SNE_969977.jpg,neutrophil,SNE
13009,C:\Users\lebre\Documents\Jupyter Notebook\PyBlood\Data\neutrophil\SNE_155159.jpg,neutrophil,SNE
14092,C:\Users\lebre\Documents\Jupyter Notebook\PyBlood\Data\neutrophil\SNE_763224.jpg,neutrophil,SNE
14272,C:\Users\lebre\Documents\Jupyter Notebook\PyBlood\Data\neutrophil\SNE_861933.jpg,neutrophil,SNE
14125,C:\Users\lebre\Documents\Jupyter Notebook\PyBlood\Data\neutrophil\SNE_785064.jpg,neutrophil,SNE
12103,C:\Users\lebre\Documents\Jupyter Notebook\PyBlood\Data\neutrophil\BNE_546662.jpg,neutrophil,BNE
14017,C:\Users\lebre\Documents\Jupyter Notebook\PyBlood\Data\neutrophil\SNE_713759.jpg,neutrophil,SNE
13353,C:\Users\lebre\Documents\Jupyter Notebook\PyBlood\Data\neutrophil\SNE_350176.jpg,neutrophil,SNE
14089,C:\Users\lebre\Documents\Jupyter Notebook\PyBlood\Data\neutrophil\SNE_761180.jpg,neutrophil,SNE
13545,C:\Users\lebre\Documents\Jupyter Notebook\PyBlood\Data\neutrophil\SNE_443796.jpg,neutrophil,SNE
13690,C:\Users\lebre\Documents\Jupyter Notebook\PyBlood\Data\neutrophil\SNE_517466.jpg,neutrophil,SNE
12572,C:\Users\lebre\Documents\Jupyter Notebook\PyBlood\Data\neutrophil\BNE_821631.jpg,neutrophil,BNE
12985,C:\Users\lebre\Documents\Jupyter Notebook\PyBlood\Data\neutrophil\SNE_142694.jpg,neutrophil,SNE
14251,C:\Users\lebre\Documents\Jupyter Notebook\PyBlood\Data\neutrophil\SNE_850041.jpg,neutrophil,SNE
12322,C:\Users\lebre\Documents\Jupyter Notebook\PyBlood\Data\neutrophil\BNE_66389.jpg,neutrophil,BNE
13822,C:\Users\lebre\Documents\Jupyter Notebook\PyBlood\Data\neutrophil\SNE_605370.jpg,neutrophil,SNE
13383,C:\Users\lebre\Documents\Jupyter Notebook\PyBlood\Data\neutrophil\SNE_364300.jpg,neutrophil,SNE
11675,C:\Users\lebre\Documents\Jupyter Notebook\PyBlood\Data\neutrophil\BNE_315095.jpg,neutrophil,BNE
12002,C:\Users\lebre\Documents\Jupyter Notebook\PyBlood\Data\neutrophil\BNE_48402.jpg,neutrophil,BNE
13367,C:\Users\lebre\Documents\Jupyter Notebook\PyBlood\Data\neutrophil\SNE_358113.jpg,neutrophil,SNE
11568,C:\Users\lebre\Documents\Jupyter Notebook\PyBlood\Data\neutrophil\BNE_269921.jpg,neutrophil,BNE
13816,C:\Users\lebre\Documents\Jupyter Notebook\PyBlood\Data\neutrophil\SNE_60147.jpg,neutrophil,SNE
13240,C:\Users\lebre\Documents\Jupyter Notebook\PyBlood\Data\neutrophil\SNE_274583.jpg,neutrophil,SNE
12354,C:\Users\lebre\Documents\Jupyter Notebook\PyBlood\Data\neutrophil\BNE_681134.jpg,neutrophil,BNE
11694,C:\Users\lebre\Documents\Jupyter Notebook\PyBlood\Data\neutrophil\BNE_323827.jpg,neutrophil,BNE
13738,C:\Users\lebre\Documents\Jupyter Notebook\PyBlood\Data\neutrophil\SNE_551569.jpg,neutrophil,SNE
11648,C:\Users\lebre\Documents\Jupyter Notebook\PyBlood\Data\neutrophil\BNE_303848.jpg,neutrophil,BNE
14273,C:\Users\lebre\Documents\Jupyter Notebook\PyBlood\Data\neutrophil\SNE_862018.jpg,neutrophil,SNE
12873,C:\Users\lebre\Documents\Jupyter Notebook\PyBlood\Data\neutrophil\BNE_98656.jpg,neutrophil,BNE
12580,C:\Users\lebre\Documents\Jupyter Notebook\PyBlood\Data\neutrophil\BNE_824932.jpg,neutrophil,BNE
11307,C:\Users\lebre\Documents\Jupyter Notebook\PyBlood\Data\neutrophil\BNE_124086.jpg,neutrophil,BNE
12517,C:\Users\lebre\Documents\Jupyter Notebook\PyBlood\Data\neutrophil\BNE_791436.jpg,neutrophil,BNE
11426,C:\Users\lebre\Documents\Jupyter Notebook\PyBlood\Data\neutrophil\BNE_186566.jpg,neutrophil,BNE
13818,C:\Users\lebre\Documents\Jupyter Notebook\PyBlood\Data\neutrophil\SNE_602361.jpg,neutrophil,SNE
12144,C:\Users\lebre\Documents\Jupyter Notebook\PyBlood\Data\neutrophil\BNE_568376.jpg,neutrophil,BNE
12611,C:\Users\lebre\Documents\Jupyter Notebook\PyBlood\Data\neutrophil\BNE_844957.jpg,neutrophil,BNE
11965,C:\Users\lebre\Documents\Jupyter Notebook\PyBlood\Data\neutrophil\BNE_461129.jpg,neutrophil,BNE
13033,C:\Users\lebre\Documents\Jupyter Notebook\PyBlood\Data\neutrophil\SNE_163823.jpg,neutrophil,SNE
11269,C:\Users\lebre\Documents\Jupyter Notebook\PyBlood\Data\neutrophil\BNE_102203.jpg,neutrophil,BNE
12181,C:\Users\lebre\Documents\Jupyter Notebook\PyBlood\Data\neutrophil\BNE_583475.jpg,neutrophil,BNE
12255,C:\Users\lebre\Documents\Jupyter Notebook\PyBlood\Data\neutrophil\BNE_623604.jpg,neutrophil,BNE
14281,C:\Users\lebre\Documents\Jupyter Notebook\PyBlood\Data\neutrophil\SNE_866404.jpg,neutrophil,SNE
14007,C:\Users\lebre\Documents\Jupyter Notebook\PyBlood\Data\neutrophil\SNE_704920.jpg,neutrophil,SNE
12078,C:\Users\lebre\Documents\Jupyter Notebook\PyBlood\Data\neutrophil\BNE_5294.jpg,neutrophil,BNE
11727,C:\Users\lebre\Documents\Jupyter Notebook\PyBlood\Data\neutrophil\BNE_341589.jpg,neutrophil,BNE
12005,C:\Users\lebre\Documents\Jupyter Notebook\PyBlood\Data\neutrophil\BNE_487299.jpg,neutrophil,BNE
14447,C:\Users\lebre\Documents\Jupyter Notebook\PyBlood\Data\neutrophil\SNE_944463.jpg,neutrophil,SNE
14491,C:\Users\lebre\Documents\Jupyter Notebook\PyBlood\Data\neutrophil\SNE_968740.jpg,neutrophil,SNE
14319,C:\Users\lebre\Documents\Jupyter Notebook\PyBlood\Data\neutrophil\SNE_883708.jpg,neutrophil,SNE
12682,C:\Users\lebre\Documents\Jupyter Notebook\PyBlood\Data\neutrophil\BNE_88749.jpg,neutrophil,BNE
13413,C:\Users\lebre\Documents\Jupyter Notebook\PyBlood\Data\neutrophil\SNE_379032.jpg,neutrophil,SNE
13368,C:\Users\lebre\Documents\Jupyter Notebook\PyBlood\Data\neutrophil\SNE_358136.jpg,neutrophil,SNE
12128,C:\Users\lebre\Documents\Jupyter Notebook\PyBlood\Data\neutrophil\BNE_560375.jpg,neutrophil,BNE
14712,C:\Users\lebre\Documents\Jupyter Notebook\PyBlood\Data\platelet\PLATELET_16146.jpg,platelet,PLATELET
15582,C:\Users\lebre\Documents\Jupyter Notebook\PyBlood\Data\platelet\PLATELET_479829.jpg,platelet,PLATELET
15556,C:\Users\lebre\Documents\Jupyter Notebook\PyBlood\Data\platelet\PLATELET_473283.jpg,platelet,PLATELET
15008,C:\Users\lebre\Documents\Jupyter Notebook\PyBlood\Data\platelet\PLATELET_278771.jpg,platelet,PLATELET
16372,C:\Users\lebre\Documents\Jupyter Notebook\PyBlood\Data\platelet\PLATELET_787898.jpg,platelet,PLATELET
14632,C:\Users\lebre\Documents\Jupyter Notebook\PyBlood\Data\platelet\PLATELET_131701.jpg,platelet,PLATELET
16053,C:\Users\lebre\Documents\Jupyter Notebook\PyBlood\Data\platelet\PLATELET_655147.jpg,platelet,PLATELET
16506,C:\Users\lebre\Documents\Jupyter Notebook\PyBlood\Data\platelet\PLATELET_837398.jpg,platelet,PLATELET
16240,C:\Users\lebre\Documents\Jupyter Notebook\PyBlood\Data\platelet\PLATELET_740629.jpg,platelet,PLATELET
14930,C:\Users\lebre\Documents\Jupyter Notebook\PyBlood\Data\platelet\PLATELET_244421.jpg,platelet,PLATELET
16448,C:\Users\lebre\Documents\Jupyter Notebook\PyBlood\Data\platelet\PLATELET_819300.jpg,platelet,PLATELET
16614,C:\Users\lebre\Documents\Jupyter Notebook\PyBlood\Data\platelet\PLATELET_884910.jpg,platelet,PLATELET
14793,C:\Users\lebre\Documents\Jupyter Notebook\PyBlood\Data\platelet\PLATELET_193135.jpg,platelet,PLATELET
15929,C:\Users\lebre\Documents\Jupyter Notebook\PyBlood\Data\platelet\PLATELET_60957.jpg,platelet,PLATELET
15237,C:\Users\lebre\Documents\Jupyter Notebook\PyBlood\Data\platelet\PLATELET_352304.jpg,platelet,PLATELET
15151,C:\Users\lebre\Documents\Jupyter Notebook\PyBlood\Data\platelet\PLATELET_321075.jpg,platelet,PLATELET
14808,C:\Users\lebre\Documents\Jupyter Notebook\PyBlood\Data\platelet\PLATELET_19868.jpg,platelet,PLATELET
14674,C:\Users\lebre\Documents\Jupyter Notebook\PyBlood\Data\platelet\PLATELET_144537.jpg,platelet,PLATELET
14759,C:\Users\lebre\Documents\Jupyter Notebook\PyBlood\Data\platelet\PLATELET_182084.jpg,platelet,PLATELET
14917,C:\Users\lebre\Documents\Jupyter Notebook\PyBlood\Data\platelet\PLATELET_240351.jpg,platelet,PLATELET
16577,C:\Users\lebre\Documents\Jupyter Notebook\PyBlood\Data\platelet\PLATELET_868260.jpg,platelet,PLATELET
16702,C:\Users\lebre\Documents\Jupyter Notebook\PyBlood\Data\platelet\PLATELET_918134.jpg,platelet,PLATELET
15873,C:\Users\lebre\Documents\Jupyter Notebook\PyBlood\Data\platelet\PLATELET_589098.jpg,platelet,PLATELET
15466,C:\Users\lebre\Documents\Jupyter Notebook\PyBlood\Data\platelet\PLATELET_440572.jpg,platelet,PLATELET
15033,C:\Users\lebre\Documents\Jupyter Notebook\PyBlood\Data\platelet\PLATELET_284535.jpg,platelet,PLATELET
16377,C:\Users\lebre\Documents\Jupyter Notebook\PyBlood\Data\platelet\PLATELET_788884.jpg,platelet,PLATELET
14817,C:\Users\lebre\Documents\Jupyter Notebook\PyBlood\Data\platelet\PLATELET_201020.jpg,platelet,PLATELET
15284,C:\Users\lebre\Documents\Jupyter Notebook\PyBlood\Data\platelet\PLATELET_366480.jpg,platelet,PLATELET
15386,C:\Users\lebre\Documents\Jupyter Notebook\PyBlood\Data\platelet\PLATELET_402823.jpg,platelet,PLATELET
15415,C:\Users\lebre\Documents\Jupyter Notebook\PyBlood\Data\platelet\PLATELET_416432.jpg,platelet,PLATELET
15106,C:\Users\lebre\Documents\Jupyter Notebook\PyBlood\Data\platelet\PLATELET_307929.jpg,platelet,PLATELET
16326,C:\Users\lebre\Documents\Jupyter Notebook\PyBlood\Data\platelet\PLATELET_769716.jpg,platelet,PLATELET
14840,C:\Users\lebre\Documents\Jupyter Notebook\PyBlood\Data\platelet\PLATELET_208651.jpg,platelet,PLATELET
14849,C:\Users\lebre\Documents\Jupyter Notebook\PyBlood\Data\platelet\PLATELET_211337.jpg,platelet,PLATELET
15976,C:\Users\lebre\Documents\Jupyter Notebook\PyBlood\Data\platelet\PLATELET_624510.jpg,platelet,PLATELET
16591,C:\Users\lebre\Documents\Jupyter Notebook\PyBlood\Data\platelet\PLATELET_874100.jpg,platelet,PLATELET
16570,C:\Users\lebre\Documents\Jupyter Notebook\PyBlood\Data\platelet\PLATELET_864240.jpg,platelet,PLATELET
16015,C:\Users\lebre\Documents\Jupyter Notebook\PyBlood\Data\platelet\PLATELET_639002.jpg,platelet,PLATELET
16156,C:\Users\lebre\Documents\Jupyter Notebook\PyBlood\Data\platelet\PLATELET_70358.jpg,platelet,PLATELET
15561,C:\Users\lebre\Documents\Jupyter Notebook\PyBlood\Data\platelet\PLATELET_4736.jpg,platelet,PLATELET
15936,C:\Users\lebre\Documents\Jupyter Notebook\PyBlood\Data\platelet\PLATELET_610800.jpg,platelet,PLATELET
14844,C:\Users\lebre\Documents\Jupyter Notebook\PyBlood\Data\platelet\PLATELET_209238.jpg,platelet,PLATELET
15319,C:\Users\lebre\Documents\Jupyter Notebook\PyBlood\Data\platelet\PLATELET_378280.jpg,platelet,PLATELET
14549,C:\Users\lebre\Documents\Jupyter Notebook\PyBlood\Data\platelet\PLATELET_103295.jpg,platelet,PLATELET
14592,C:\Users\lebre\Documents\Jupyter Notebook\PyBlood\Data\platelet\PLATELET_119686.jpg,platelet,PLATELET
14548,C:\Users\lebre\Documents\Jupyter Notebook\PyBlood\Data\platelet\PLATELET_102535.jpg,platelet,PLATELET
15298,C:\Users\lebre\Documents\Jupyter Notebook\PyBlood\Data\platelet\PLATELET_370200.jpg,platelet,PLATELET
15111,C:\Users\lebre\Documents\Jupyter Notebook\PyBlood\Data\platelet\PLATELET_309574.jpg,platelet,PLATELET
15937,C:\Users\lebre\Documents\Jupyter Notebook\PyBlood\Data\platelet\PLATELET_611350.jpg,platelet,PLATELET
15964,C:\Users\lebre\Documents\Jupyter Notebook\PyBlood\Data\platelet\PLATELET_621130.jpg,platelet,PLATELET
16234,C:\Users\lebre\Documents\Jupyter Notebook\PyBlood\Data\platelet\PLATELET_738250.jpg,platelet,PLATELET
15109,C:\Users\lebre\Documents\Jupyter Notebook\PyBlood\Data\platelet\PLATELET_309114.jpg,platelet,PLATELET
14676,C:\Users\lebre\Documents\Jupyter Notebook\PyBlood\Data\platelet\PLATELET_145057.jpg,platelet,PLATELET
16558,C:\Users\lebre\Documents\Jupyter Notebook\PyBlood\Data\platelet\PLATELET_859348.jpg,platelet,PLATELET
14600,C:\Users\lebre\Documents\Jupyter Notebook\PyBlood\Data\platelet\PLATELET_121266.jpg,platelet,PLATELET
16319,C:\Users\lebre\Documents\Jupyter Notebook\PyBlood\Data\platelet\PLATELET_767205.jpg,platelet,PLATELET
14704,C:\Users\lebre\Documents\Jupyter Notebook\PyBlood\Data\platelet\PLATELET_159466.jpg,platelet,PLATELET
15156,C:\Users\lebre\Documents\Jupyter Notebook\PyBlood\Data\platelet\PLATELET_323108.jpg,platelet,PLATELET
14575,C:\Users\lebre\Documents\Jupyter Notebook\PyBlood\Data\platelet\PLATELET_113492.jpg,platelet,PLATELET
14696,C:\Users\lebre\Documents\Jupyter Notebook\PyBlood\Data\platelet\PLATELET_15638.jpg,platelet,PLATELET
14933,C:\Users\lebre\Documents\Jupyter Notebook\PyBlood\Data\platelet\PLATELET_245496.jpg,platelet,PLATELET
14626,C:\Users\lebre\Documents\Jupyter Notebook\PyBlood\Data\platelet\PLATELET_128626.jpg,platelet,PLATELET
16108,C:\Users\lebre\Documents\Jupyter Notebook\PyBlood\Data\platelet\PLATELET_682029.jpg,platelet,PLATELET
15847,C:\Users\lebre\Documents\Jupyter Notebook\PyBlood\Data\platelet\PLATELET_58181.jpg,platelet,PLATELET
16689,C:\Users\lebre\Documents\Jupyter Notebook\PyBlood\Data\platelet\PLATELET_912441.jpg,platelet,PLATELET
15263,C:\Users\lebre\Documents\Jupyter Notebook\PyBlood\Data\platelet\PLATELET_359510.jpg,platelet,PLATELET
15286,C:\Users\lebre\Documents\Jupyter Notebook\PyBlood\Data\platelet\PLATELET_367455.jpg,platelet,PLATELET
16147,C:\Users\lebre\Documents\Jupyter Notebook\PyBlood\Data\platelet\PLATELET_699114.jpg,platelet,PLATELET
16032,C:\Users\lebre\Documents\Jupyter Notebook\PyBlood\Data\platelet\PLATELET_645860.jpg,platelet,PLATELET
14697,C:\Users\lebre\Documents\Jupyter Notebook\PyBlood\Data\platelet\PLATELET_156568.jpg,platelet,PLATELET
14595,C:\Users\lebre\Documents\Jupyter Notebook\PyBlood\Data\platelet\PLATELET_120145.jpg,platelet,PLATELET
15314,C:\Users\lebre\Documents\Jupyter Notebook\PyBlood\Data\platelet\PLATELET_376468.jpg,platelet,PLATELET
15031,C:\Users\lebre\Documents\Jupyter Notebook\PyBlood\Data\platelet\PLATELET_28415.jpg,platelet,PLATELET
15173,C:\Users\lebre\Documents\Jupyter Notebook\PyBlood\Data\platelet\PLATELET_329196.jpg,platelet,PLATELET
16595,C:\Users\lebre\Documents\Jupyter Notebook\PyBlood\Data\platelet\PLATELET_877353.jpg,platelet,PLATELET
16111,C:\Users\lebre\Documents\Jupyter Notebook\PyBlood\Data\platelet\PLATELET_682327.jpg,platelet,PLATELET
16398,C:\Users\lebre\Documents\Jupyter Notebook\PyBlood\Data\platelet\PLATELET_798567.jpg,platelet,PLATELET
16091,C:\Users\lebre\Documents\Jupyter Notebook\PyBlood\Data\platelet\PLATELET_674106.jpg,platelet,PLATELET
15091,C:\Users\lebre\Documents\Jupyter Notebook\PyBlood\Data\platelet\PLATELET_304195.jpg,platelet,PLATELET
16133,C:\Users\lebre\Documents\Jupyter Notebook\PyBlood\Data\platelet\PLATELET_693987.jpg,platelet,PLATELET
16085,C:\Users\lebre\Documents\Jupyter Notebook\PyBlood\Data\platelet\PLATELET_672665.jpg,platelet,PLATELET
16393,C:\Users\lebre\Documents\Jupyter Notebook\PyBlood\Data\platelet\PLATELET_797104.jpg,platelet,PLATELET
14721,C:\Users\lebre\Documents\Jupyter Notebook\PyBlood\Data\platelet\PLATELET_167031.jpg,platelet,PLATELET
15921,C:\Users\lebre\Documents\Jupyter Notebook\PyBlood\Data\platelet\PLATELET_606380.jpg,platelet,PLATELET
14879,C:\Users\lebre\Documents\Jupyter Notebook\PyBlood\Data\platelet\PLATELET_224755.jpg,platelet,PLATELET
15700,C:\Users\lebre\Documents\Jupyter Notebook\PyBlood\Data\platelet\PLATELET_52796.jpg,platelet,PLATELET
16203,C:\Users\lebre\Documents\Jupyter Notebook\PyBlood\Data\platelet\PLATELET_72344.jpg,platelet,PLATELET
16217,C:\Users\lebre\Documents\Jupyter Notebook\PyBlood\Data\platelet\PLATELET_728615.jpg,platelet,PLATELET
16674,C:\Users\lebre\Documents\Jupyter Notebook\PyBlood\Data\platelet\PLATELET_906500.jpg,platelet,PLATELET
16336,C:\Users\lebre\Documents\Jupyter Notebook\PyBlood\Data\platelet\PLATELET_773759.jpg,platelet,PLATELET
16281,C:\Users\lebre\Documents\Jupyter Notebook\PyBlood\Data\platelet\PLATELET_758046.jpg,platelet,PLATELET
15549,C:\Users\lebre\Documents\Jupyter Notebook\PyBlood\Data\platelet\PLATELET_471259.jpg,platelet,PLATELET
16420,C:\Users\lebre\Documents\Jupyter Notebook\PyBlood\Data\platelet\PLATELET_809212.jpg,platelet,PLATELET
14742,C:\Users\lebre\Documents\Jupyter Notebook\PyBlood\Data\platelet\PLATELET_175036.jpg,platelet,PLATELET
15136,C:\Users\lebre\Documents\Jupyter Notebook\PyBlood\Data\platelet\PLATELET_315630.jpg,platelet,PLATELET
15253,C:\Users\lebre\Documents\Jupyter Notebook\PyBlood\Data\platelet\PLATELET_35681.jpg,platelet,PLATELET
15641,C:\Users\lebre\Documents\Jupyter Notebook\PyBlood\Data\platelet\PLATELET_506155.jpg,platelet,PLATELET
16443,C:\Users\lebre\Documents\Jupyter Notebook\PyBlood\Data\platelet\PLATELET_81658.jpg,platelet,PLATELET
16373,C:\Users\lebre\Documents\Jupyter Notebook\PyBlood\Data\platelet\PLATELET_788176.jpg,platelet,PLATELET
15753,C:\Users\lebre\Documents\Jupyter Notebook\PyBlood\Data\platelet\PLATELET_545289.jpg,platelet,PLATELET
